0.00063412176678,0.179999992251,0.0832732468843,0.0,0.0220842920244,0.0312529169023,0.647997677326,0.129442423582,0.0,0.399247258902,0.0322089791298,1.0,0.0994491949677
0.00274016847834,0.0,0.254866629839,0.0,0.0121247135103,0.0296560488641,0.78657335043,0.167793318629,0.00150375941303,0.321077018976,0.0385493263602,1.0,0.22674420476
0.00273816171102,0.0,0.254866629839,0.0,0.0121247135103,0.0375781543553,0.606526196003,0.167793318629,0.00150375941303,0.321077018976,0.0385493263602,0.989737212658,0.0703794434667
0.00324786733836,0.0,0.0785868838429,0.0,0.0105369575322,0.0356391109526,0.451766580343,0.215676158667,0.00300751859322,0.292125076056,0.0408318564296,0.994276046753,0.0370257049799
0.00692818127573,0.0,0.0785868838429,0.0,0.0105369575322,0.0371841229498,0.536732673645,0.215676158667,0.00300751859322,0.292125076056,0.0408318564296,1.0,0.110159106553
0.00299502117559,0.0,0.0785868838429,0.0,0.0105369575322,0.0297493748367,0.58225017786,0.215676158667,0.00300751859322,0.292125076056,0.0408318564296,0.992990016937,0.10648714751
0.00885864067823,0.125,0.283705830574,0.0,0.020063508302,0.0254150293767,0.662158727646,0.193739518523,0.00601503765211,0.420961201191,0.0319553650916,0.996721982956,0.327417373657
0.0145035274327,0.125,0.283705830574,0.0,0.020063508302,0.0270741097629,0.960551440716,0.210792124271,0.00601503765211,0.420961201191,0.0319553650916,1.0,0.533047735691
0.0211949162185,0.125,0.283705830574,0.0,0.020063508302,0.0214643441141,1.00000011921,0.216546267271,0.00601503765211,0.420961201191,0.0319553650916,0.974103569984,0.862913072109
0.0170610845089,0.125,0.283705830574,0.0,0.020063508302,0.0253320746124,0.857378423214,0.238845854998,0.00601503765211,0.420961201191,0.0319553650916,0.974305272102,0.470318257809
0.0225644987077,0.125,0.283705830574,0.0,0.020063508302,0.0291998051107,0.942344486713,0.228115826845,0.00601503765211,0.420961201191,0.0319553650916,0.988955497742,0.572827458382
0.0117864366621,0.125,0.283705830574,0.0,0.020063508302,0.0253839194775,0.827033400536,0.222868859768,0.00601503765211,0.420961201191,0.0319553650916,1.0,0.353121191263
0.00940948352218,0.125,0.283705830574,0.0,0.020063508302,0.0241396091878,0.382984519005,0.188947290182,0.00601503765211,0.420961201191,0.0319553650916,0.983861982822,0.427784562111
0.0631874203682,0.0,0.293439090252,0.0,0.0220842920244,0.02476176247,0.61360669136,0.156442388892,0.00451127812266,0.415170818567,0.0466649793088,1.0,0.199816405773
0.0640101730824,0.0,0.293439090252,0.0,0.0220842920244,0.026286046952,0.843217372894,0.145703628659,0.00451127812266,0.415170818567,0.0466649793088,0.957436025143,0.261015921831
0.0629496276379,0.0,0.293439090252,0.0,0.0220842920244,0.023569304496,0.559997141361,0.147308304906,0.00451127812266,0.415170818567,0.0466649793088,0.996772348881,0.206242352724
0.10574682802,0.0,0.293439090252,0.0,0.0220842920244,0.0246165953577,0.284868955612,0.147308304906,0.00451127812266,0.415170818567,0.0466649793088,0.974658310413,0.148408800364
0.0786832720041,0.0,0.293439090252,0.0,0.0220842920244,0.0251869037747,0.81489533186,0.13678380847,0.00451127812266,0.415170818567,0.0466649793088,0.974406182766,0.395960837603
0.0805404856801,0.0,0.293439090252,0.0,0.0220842920244,0.0196497254074,0.358708500862,0.116609245539,0.00451127812266,0.415170818567,0.0466649793088,0.727898478508,0.304773539305
0.0728236585855,0.0,0.293439090252,0.0,0.0220842920244,0.0224597938359,0.691492259502,0.116609245539,0.00451127812266,0.415170818567,0.0466649793088,0.98499673605,0.292227655649
0.125599250197,0.0,0.293439090252,0.0,0.0220842920244,0.020831823349,0.980781495571,0.116670459509,0.00451127812266,0.415170818567,0.0466649793088,0.948736727238,0.590269267559
0.0854900404811,0.0,0.293439090252,0.0,0.0220842920244,0.024927675724,0.890757918358,0.126045018435,0.00451127812266,0.415170818567,0.0466649793088,0.988980770111,0.370257019997
0.123660765588,0.0,0.293439090252,0.0,0.0220842920244,0.0267630331218,0.916045427322,0.124497175217,0.00451127812266,0.415170818567,0.0466649793088,1.0,0.519889831543
0.0991748347878,0.0,0.293439090252,0.0,0.0220842920244,0.0233515501022,1.00000011921,0.129669800401,0.00451127812266,0.415170818567,0.0466649793088,0.99404913187,0.555385529995
0.0752778723836,0.0,0.293439090252,0.0,0.0220842920244,0.024502530694,0.940321445465,0.142979577184,0.00451127812266,0.415170818567,0.0466649793088,0.993519544601,0.445838391781
0.0843361839652,0.0,0.293439090252,0.0,0.0220842920244,0.0211325287819,0.855355381966,0.145384415984,0.00451127812266,0.415170818567,0.0466649793088,0.764284670353,0.452264368534
0.0674165710807,0.0,0.293439090252,0.0,0.0220842920244,0.0233515501022,0.901884436607,0.155327424407,0.00451127812266,0.415170818567,0.0466649793088,0.949518382549,0.400244802237
0.0958978682756,0.0,0.293439090252,0.0,0.0220842920244,0.0257779546082,0.88671195507,0.145331963897,0.00451127812266,0.415170818567,0.0466649793088,0.771748423576,0.475826203823
0.0775585025549,0.0,0.293439090252,0.0,0.0220842920244,0.0304233767092,0.943355977535,0.145388796926,0.00451127812266,0.415170818567,0.0466649793088,0.977406799793,0.338739305735
0.100581541657,0.0,0.293439090252,0.0,0.0220842920244,0.0322794653475,0.871539413929,0.13595739007,0.00451127812266,0.415170818567,0.0466649793088,0.957965612411,0.313647478819
0.113460637629,0.0,0.293439090252,0.0,0.0220842920244,0.0223146192729,0.940321445465,0.135695040226,0.00451127812266,0.415170818567,0.0466649793088,0.907383143902,0.638616919518
0.135926797986,0.0,0.293439090252,0.0,0.0220842920244,0.0260371826589,1.00000011921,0.133159026504,0.00451127812266,0.415170818567,0.0466649793088,0.949140131474,0.34608322382
0.139264971018,0.0,0.293439090252,0.0,0.0220842920244,0.0247721336782,0.81792986393,0.125069960952,0.00451127812266,0.415170818567,0.0466649793088,0.585707783699,0.794981598854
0.11555865407,0.0,0.293439090252,0.0,0.0220842920244,0.022190194577,0.949424982071,0.116202607751,0.00451127812266,0.415170818567,0.0466649793088,0.903852880001,0.508567929268
0.161823451519,0.0,0.293439090252,0.0,0.0220842920244,0.026286046952,0.9686434865,0.11500453949,0.00451127812266,0.415170818567,0.0466649793088,0.625321447849,0.569461464882
0.00643854308873,0.0,0.214852198958,0.0,0.0164549686015,0.0245958566666,0.678342759609,0.0975365489721,0.00601503765211,0.374638110399,0.0420999266207,1.0,0.243268072605
0.00977671239525,0.0,0.214852198958,0.0,0.0164549686015,0.0236418880522,0.609560728073,0.0983061045408,0.00601503765211,0.374638110399,0.0420999266207,0.951233029366,0.296205610037
0.00804090499878,0.0,0.214852198958,0.0,0.0164549686015,0.0237352102995,0.408272057772,0.122630119324,0.00601503765211,0.374638110399,0.0420999266207,1.0,0.215422302485
0.0175637677312,0.0,0.214852198958,0.0,0.0164549686015,0.0249380432069,0.293972462416,0.11883045733,0.00601503765211,0.374638110399,0.0420999266207,0.991250157356,0.257037937641
0.0027722758241,0.75,0.106344632804,0.0,0.00620669871569,0.0314602963626,0.209006398916,0.186769813299,0.00300751859322,0.335552990437,0.0398173965514,0.99679762125,0.0792533680797
0.00337027665228,0.75,0.106344632804,0.0,0.00620669871569,0.0359087102115,0.148316368461,0.186769813299,0.00300751859322,0.335552990437,0.0398173965514,0.996772348881,0.00764993950725
0.0127867842093,0.0,0.249098777771,0.0,0.00909353420138,0.0332749150693,0.0178327597678,0.200752943754,0.00300751859322,0.308048635721,0.0388029441237,0.971027255058,0.095165245235
0.0141975032166,0.0,0.249098777771,0.0,0.00909353420138,0.0270430035889,0.0552582852542,0.200752943754,0.00300751859322,0.308048635721,0.0388029441237,0.965883255005,0.124847002327
0.0159895010293,0.0,0.249098777771,0.0,0.00909353420138,0.027478504926,0.0542467869818,0.200752943754,0.00300751859322,0.308048635721,0.0388029441237,0.993847370148,0.17472460866
0.012310189195,0.0,0.249098777771,0.0,0.00909353420138,0.0260060764849,0.393099546432,0.200752943754,0.00300751859322,0.308048635721,0.0388029441237,0.981063127518,0.239290088415
0.0171995479614,0.0,0.249098777771,0.0,0.00909353420138,0.0219931788743,0.33038648963,0.173621803522,0.00300751859322,0.308048635721,0.0388029441237,1.0,0.259485930204
0.0188992358744,0.0,0.249098777771,0.0,0.00909353420138,0.0230715759099,0.325328975916,0.173621803522,0.00300751859322,0.308048635721,0.0388029441237,1.0,0.380048930645
0.0230039693415,0.0,0.249098777771,0.0,0.00909353420138,0.0256016738713,0.853332400322,0.199375629425,0.00300751859322,0.308048635721,0.0388029441237,0.989510297775,0.522337794304
0.0254722293466,0.0,0.249098777771,0.0,0.00909353420138,0.0190586820245,0.952459514141,0.207272291183,0.00300751859322,0.308048635721,0.0388029441237,1.0,0.889840841293
0.0220507811755,0.0,0.249098777771,0.0,0.00909353420138,0.0211636386812,0.615629732609,0.216791123152,0.00300751859322,0.308048635721,0.0388029441237,1.0,0.442778468132
0.00890278816223,0.209999993443,0.203316509724,0.0,0.00779445841908,0.0249069333076,0.450755089521,0.248578965664,0.00451127812266,0.322524607182,0.0360131859779,0.996621072292,0.358629107475
0.00435156002641,0.209999993443,0.203316509724,0.0,0.00779445841908,0.0264830552042,0.625744700432,0.248578965664,0.00451127812266,0.322524607182,0.0360131859779,0.992611825466,0.235618114471
0.00537799438462,0.209999993443,0.203316509724,0.0,0.00779445841908,0.030589286238,0.201925903559,0.248578965664,0.00451127812266,0.322524607182,0.0360131859779,1.0,0.108629129827
0.00499772187322,0.209999993443,0.203316509724,0.0,0.00779445841908,0.0252698585391,0.204960405827,0.248578965664,0.00451127812266,0.322524607182,0.0360131859779,1.0,0.205018371344
0.00136456580367,0.75,0.144196107984,0.0,0.00360854715109,0.0241292417049,0.46997359395,0.270659893751,0.00300751859322,0.649681568146,0.0469185933471,1.0,0.39993879199
0.00131540116854,0.899999976158,0.0439798124135,0.0,0.00259815528989,0.0382417924702,0.210017904639,0.330864340067,0.00601503765211,0.297915458679,0.0388029441237,0.997554063797,0.0942472442985
0.00206189905293,0.849999964237,0.026676280424,0.0,0.00360854715109,0.0292620174587,0.349605023861,0.352333158255,0.00150375941303,0.423856407404,0.0372812561691,1.0,0.123623006046
0.00143680744804,1.0,0.0475847162306,0.0,0.00375289097428,0.0337519012392,0.398157030344,0.31460750103,0.00601503765211,0.34134337306,0.0317017510533,0.989913702011,0.067931458354
0.0154968518764,0.25,0.184931516647,0.0,0.00981524214149,0.0267941392958,0.28385746479,0.292307943106,0.0105263162404,0.381876081228,0.0433679968119,0.984315872192,0.156976729631
0.0103626726195,0.25,0.184931516647,0.0,0.00981524214149,0.0245336443186,0.465927600861,0.25370785594,0.0105263162404,0.381876081228,0.0433679968119,1.0,0.229192167521
0.0149821303785,0.25,0.184931516647,0.0,0.00981524214149,0.0226049646735,0.658112704754,0.266536653042,0.0105263162404,0.381876081228,0.0433679968119,0.99548637867,0.349449187517
0.0172286462039,0.25,0.184931516647,0.0,0.00981524214149,0.0249380432069,0.933240950108,0.248745113611,0.0105263162404,0.381876081228,0.0433679968119,0.952544212341,0.388922870159
0.0110640199855,0.25,0.184931516647,0.0,0.00981524214149,0.0300189740956,0.674296796322,0.266541033983,0.0105263162404,0.381876081228,0.0433679968119,1.0,0.152998775244
0.0126924682409,0.25,0.184931516647,0.0,0.00981524214149,0.0331919677556,0.427490592003,0.29957062006,0.0105263162404,0.381876081228,0.0433679968119,0.996671497822,0.237760096788
0.00195754971355,0.17499999702,0.0497476570308,0.0,0.004489030689,0.0367382504046,0.59034216404,0.353876650333,0.00300751859322,0.283439487219,0.0405782423913,0.990771055222,0.193390458822
0.00359603227116,0.799999952316,0.121485218406,0.0,0.00187644734979,0.0282976813614,0.168546378613,0.239694088697,0.00451127812266,0.458598732948,0.0342378914356,1.0,0.0899632796645
0.00439370097592,0.799999952316,0.121485218406,0.0,0.00187644734979,0.0230819508433,0.303075969219,0.239694088697,0.00451127812266,0.458598732948,0.0342378914356,1.0,0.260403901339
0.0058084349148,0.125,0.218817606568,0.0,0.00346420705318,0.0240255482495,0.204960405827,0.234731376171,0.00451127812266,0.470179498196,0.041339084506,0.998260080814,0.194920450449
0.013599502854,0.125,0.218817606568,0.0,0.00346420705318,0.0210806801915,0.360731512308,0.234731376171,0.00451127812266,0.470179498196,0.041339084506,1.0,0.347613215446
0.0128590250388,0.125,0.218817606568,0.0,0.00346420705318,0.0240981355309,0.322294473648,0.234731376171,0.00451127812266,0.470179498196,0.041339084506,1.0,0.216034263372
0.00885563064367,0.0,0.38969001174,0.0,0.00404157117009,0.0296145714819,0.0552582852542,0.181793943048,0.00451127812266,0.412275642157,0.0420999266207,0.966791093349,0.152692764997
0.0159292984754,0.0,0.38969001174,0.0,0.00404157117009,0.0248861946166,0.165511876345,0.181793943048,0.00451127812266,0.412275642157,0.0420999266207,0.949669659138,0.24938800931
0.00919476523995,0.0,0.38969001174,0.0,0.00404157117009,0.0259645991027,0.0673963055015,0.181793943048,0.00451127812266,0.412275642157,0.0420999266207,0.984895825386,0.115973062813
0.019604595378,0.0,0.38969001174,0.0,0.00404157117009,0.0278310589492,0.051212284714,0.181793943048,0.00451127812266,0.412275642157,0.0420999266207,0.950249671936,0.177784562111
0.00792250875384,0.0,0.462509006262,0.0,0.00750577822328,0.0281214006245,0.0491892807186,0.136503964663,0.00601503765211,0.546902179718,0.0408318564296,0.99500733614,0.15452876687
0.00954393297434,0.0,0.462509006262,0.0,0.00750577822328,0.0282561965287,0.443674564362,0.147483214736,0.00601503765211,0.546902179718,0.0408318564296,0.965530276299,0.220624238253
0.0101870857179,0.0,0.462509006262,0.0,0.00750577822328,0.0281836129725,0.742067337036,0.127789631486,0.00601503765211,0.546902179718,0.0408318564296,0.941398978233,0.313341498375
0.00873623136431,0.0,0.462509006262,0.0,0.00750577822328,0.0267422907054,0.451766580343,0.129464283586,0.00601503765211,0.546902179718,0.0408318564296,0.974935650826,0.261321932077
0.00566495442763,0.0,0.462509006262,0.0,0.00750577822328,0.0276962630451,0.531675159931,0.169848367572,0.00601503765211,0.546902179718,0.0408318564296,0.973523616791,0.32466340065
0.00841515697539,0.0,0.462509006262,0.0,0.00750577822328,0.0239840708673,0.358708500862,0.147483214736,0.00601503765211,0.546902179718,0.0408318564296,0.997881889343,0.225520223379
0.00412680814043,0.25,0.175198271871,0.0,0.00591801479459,0.0328290425241,0.327351987362,0.186752319336,0.00451127812266,0.37753328681,0.0415926985443,1.0,0.108935125172
0.00447697984055,0.25,0.175198271871,0.0,0.00591801479459,0.0317091606557,0.700595796108,0.186752319336,0.00451127812266,0.37753328681,0.0415926985443,0.99679762125,0.167992651463
0.00367128383368,0.25,0.175198271871,0.0,0.00591801479459,0.028422113508,0.314202487469,0.186752319336,0.00451127812266,0.37753328681,0.0415926985443,1.0,0.152692764997
0.0035629211925,0.25,0.175198271871,0.0,0.00591801479459,0.0270222611725,0.460870087147,0.186752319336,0.00451127812266,0.37753328681,0.0415926985443,0.984215080738,0.176866590977
0.0050759841688,0.0,0.161860123277,0.0,0.00923787429929,0.0293242372572,0.47401958704,0.159586191177,0.00300751859322,0.328314989805,0.0403246283531,1.0,0.241432070732
0.00575425336137,0.0,0.161860123277,0.0,0.00923787429929,0.0318232215941,0.555951178074,0.144645467401,0.00300751859322,0.328314989805,0.0403246283531,0.988400757313,0.146878838539
0.00520541705191,0.0,0.161860123277,0.0,0.00923787429929,0.0254461355507,0.444686055183,0.144186362624,0.00300751859322,0.328314989805,0.0403246283531,0.997705340385,0.340575248003
0.00717500736937,0.0,0.161860123277,0.0,0.00923787429929,0.0265452750027,0.563031673431,0.114471107721,0.00300751859322,0.328314989805,0.0403246283531,0.995587229729,0.205324351788
0.00567900156602,0.0,0.122927188873,0.0,0.0150115452707,0.0357324294746,0.861424446106,0.100221246481,0.00150375941303,0.361609727144,0.0385493263602,1.0,0.115361072123
0.00531979976222,0.0,0.122927188873,0.0,0.0150115452707,0.0364790149033,0.626756191254,0.0999064296484,0.00150375941303,0.361609727144,0.0385493263602,0.997881889343,0.121481023729
0.00469972519204,0.0,0.122927188873,0.0,0.0150115452707,0.0296145714819,0.657101213932,0.0858183503151,0.00150375941303,0.361609727144,0.0385493263602,0.988098204136,0.216646283865
0.00394520023838,0.0,0.122927188873,0.0,0.0150115452707,0.029490146786,0.7359983325,0.0858096033335,0.00150375941303,0.361609727144,0.0385493263602,0.991552710533,0.1979804039
0.00421711010858,0.280000001192,0.542177379131,0.0,0.0114030055702,0.0298738069832,0.530663609505,0.110898807645,0.00451127812266,0.361609727144,0.0395637862384,0.995234251022,0.19675642252
0.00288465199992,0.280000001192,0.542177379131,0.0,0.0114030055702,0.027478504926,0.280822962523,0.110898807645,0.00451127812266,0.361609727144,0.0395637862384,0.998562633991,0.137086898088
0.00430841557682,0.280000001192,0.542177379131,0.0,0.0114030055702,0.027872543782,0.770389378071,0.108673214912,0.00451127812266,0.361609727144,0.0395637862384,1.0,0.271113842726
0.012244971469,0.0,0.104181692004,0.0,0.00866050645709,0.0317713804543,0.573146700859,0.103435009718,0.00150375941303,0.370295315981,0.039056558162,0.901860892773,0.150550782681
0.0115426201373,0.0,0.104181692004,0.0,0.00866050645709,0.0269807837903,0.692503750324,0.103435009718,0.00150375941303,0.370295315981,0.039056558162,0.987215638161,0.294063657522
0.0121235642582,0.0,0.104181692004,0.0,0.00866050645709,0.0467445738614,0.757239818573,0.103435009718,0.00150375941303,0.370295315981,0.039056558162,1.0,0.0758873894811
0.00821448490024,0.0,0.104181692004,0.0,0.00866050645709,0.0441626347601,0.361743032932,0.103435009718,0.00150375941303,0.370295315981,0.039056558162,0.991502344608,0.0563035458326
0.00688303029165,0.0,0.104181692004,0.0,0.00866050645709,0.039973448962,0.620687186718,0.103435009718,0.00150375941303,0.370295315981,0.039056558162,1.0,0.136474907398
0.0149159077555,0.0,0.308579683304,0.0,0.0194861404598,0.0328290425241,0.796688377857,0.072066962719,0.00601503765211,0.526635825634,0.0464113615453,0.994603872299,0.235312134027
0.0114703793079,0.0,0.308579683304,0.0,0.0194861404598,0.0333889834583,0.709699332714,0.0754905939102,0.00601503765211,0.526635825634,0.0464113615453,0.996671497822,0.181762546301
0.022952798754,0.0,0.308579683304,0.0,0.0194861404598,0.029490146786,0.8523209095,0.069307923317,0.00601503765211,0.526635825634,0.0464113615453,0.177719518542,0.272337824106
0.0212320424616,0.0,0.308579683304,0.0,0.0194861404598,0.0267111845315,0.872550904751,0.069307923317,0.00601503765211,0.526635825634,0.0464113615453,0.993872582912,0.358323127031
0.0140068652108,0.0,0.308579683304,0.0,0.0194861404598,0.0270222611725,0.898849904537,0.0564660020173,0.00601503765211,0.526635825634,0.0464113615453,0.989384233952,0.324357390404
0.0133065236732,0.0,0.308579683304,0.0,0.0194861404598,0.0237455777824,0.966620445251,0.0427320934832,0.00601503765211,0.526635825634,0.0464113615453,0.992813527584,0.451040387154
0.0171774756163,0.0,0.308579683304,0.0,0.0194861404598,0.0235900394619,0.918068468571,0.0472838245332,0.00601503765211,0.526635825634,0.0464113615453,0.996898472309,0.51805382967
0.0131610361859,0.0,0.308579683304,0.0,0.0194861404598,0.0266074873507,0.850297868252,0.0434098280966,0.00601503765211,0.526635825634,0.0464113615453,0.97677642107,0.378212988377
0.0128449788317,0.0,0.308579683304,0.0,0.0194861404598,0.0302056185901,0.970666468143,0.0569863207638,0.00601503765211,0.526635825634,0.0464113615453,0.995814144611,0.322521418333
0.0264515057206,0.0,0.308579683304,0.0,0.0194861404598,0.0276651568711,0.910987913609,0.0618922300637,0.00601503765211,0.526635825634,0.0464113615453,0.985702753067,0.422888606787
0.0108292335644,0.0,0.308579683304,0.0,0.0194861404598,0.0273126028478,0.538755655289,0.072066962719,0.00601503765211,0.526635825634,0.0464113615453,0.991401433945,0.344859242439
0.0101178539917,0.0,0.360850781202,0.0,0.0233833752573,0.0327046103776,0.813883841038,0.0676813721657,0.00751879671589,0.596120476723,0.0385493263602,0.996696710587,0.257955938578
0.0123703908175,0.0,0.360850781202,0.0,0.0233833752573,0.0243884734809,0.928183495998,0.0535102151334,0.00751879671589,0.596120476723,0.0385493263602,0.995082974434,0.443084418774
0.0222865696996,0.0,0.360850781202,0.0,0.0233833752573,0.0262445695698,0.953471004963,0.0620190314949,0.00751879671589,0.596120476723,0.0385493263602,1.0,0.470012247562
0.014278775081,0.0,0.360850781202,0.0,0.0233833752573,0.0279243849218,0.840182840824,0.049273300916,0.00751879671589,0.596120476723,0.0385493263602,0.979424059391,0.266829848289
0.0171915218234,0.0,0.360850781202,0.0,0.0233833752573,0.0245440118015,0.88064289093,0.0583068095148,0.00751879671589,0.596120476723,0.0385493263602,0.86890411377,0.429314553738
0.0132021736354,0.0,0.360850781202,0.0,0.0233833752573,0.0271155871451,0.721837282181,0.069981276989,0.00751879671589,0.596120476723,0.0385493263602,0.99092233181,0.315483480692
0.0151486862451,0.0,0.360850781202,0.0,0.0233833752573,0.025508351624,0.823998868465,0.0707377195358,0.00751879671589,0.596120476723,0.0385493263602,0.993973493576,0.262239903212
0.0131018375978,0.0,0.360850781202,0.0,0.0233833752573,0.0239633359015,0.727906286716,0.0589364431798,0.00751879671589,0.596120476723,0.0385493263602,0.853068709373,0.417380660772
0.0145245986059,0.0,0.360850781202,0.0,0.0233833752573,0.0225012674928,0.647997677326,0.0712536722422,0.00751879671589,0.596120476723,0.0385493263602,0.98638355732,0.363525092602
0.0069221612066,0.0,0.924657523632,0.0,0.0282909907401,0.0239425934851,0.693515241146,0.0493257679045,0.00150375941303,0.242906793952,0.0418463125825,0.980457901955,0.386780887842
0.0071890540421,0.0,0.924657523632,0.0,0.0282909907401,0.0253320746124,0.839171350002,0.0466891787946,0.00150375941303,0.242906793952,0.0418463125825,0.951510429382,0.383720934391
0.00933021865785,0.0,0.924657523632,0.0,0.0282909907401,0.0248861946166,0.928183495998,0.0418575964868,0.00150375941303,0.242906793952,0.0418463125825,0.952569425106,0.495716035366
0.0150884855539,0.0,0.924657523632,0.0,0.0282909907401,0.0237974263728,0.969654977322,0.0356268323958,0.00150375941303,0.242906793952,0.0418463125825,0.932951688766,0.724602162838
0.00988206453621,0.0,0.924657523632,0.0,0.0282909907401,0.0240359194577,0.957517027855,0.0383333899081,0.00150375941303,0.242906793952,0.0418463125825,0.95582228899,0.485006093979
0.0169587433338,0.0,0.924657523632,0.0,0.0282909907401,0.0251454301178,0.882665932178,0.0377474837005,0.00150375941303,0.242906793952,0.0418463125825,0.970043838024,0.400244802237
0.0388650409877,0.0,0.924657523632,0.0,0.0282909907401,0.0212776958942,0.955493986607,0.0274415872991,0.00150375941303,0.242906793952,0.0418463125825,0.905164182186,0.781211733818
0.0260020010173,0.0,0.789113163948,0.0,0.0344976969063,0.0221072360873,0.959539949894,0.0288014225662,0.00451127812266,0.603358447552,0.0471722073853,0.987921655178,0.473072230816
0.0326522514224,0.0,0.789113163948,0.0,0.0344976969063,0.0297597460449,0.987862050533,0.0298595540226,0.00451127812266,0.603358447552,0.0471722073853,1.0,0.417992651463
0.0884208530188,0.0,0.789113163948,0.0,0.0344976969063,0.0215265601873,0.946390450001,0.0371790640056,0.00451127812266,0.603358447552,0.0471722073853,1.0,0.508261919022
0.0341201648116,0.0,0.789113163948,0.0,0.0344976969063,0.030039716512,0.988873541355,0.0432392992079,0.00451127812266,0.603358447552,0.0471722073853,0.995309889317,0.332619339228
0.119694493711,0.0,0.789113163948,0.0,0.0344976969063,0.0286709778011,0.976735472679,0.0499073006213,0.00451127812266,0.603358447552,0.0471722073853,1.0,0.322215437889
0.0592030882835,0.0,0.789113163948,0.0,0.0344976969063,0.0291479565203,0.978758513927,0.0523733757436,0.00451127812266,0.603358447552,0.0471722073853,0.971909821033,0.287331700325
0.033092726022,0.0,0.789113163948,0.0,0.0344976969063,0.0234448723495,0.953471004963,0.0586041323841,0.00451127812266,0.603358447552,0.0471722073853,0.979297995567,0.406976729631
0.097944714129,0.0,0.789113163948,0.0,0.0344976969063,0.022770870477,0.983816027641,0.0531866513193,0.00451127812266,0.603358447552,0.0471722073853,0.661758005619,0.476744174957
0.0559652596712,0.0,0.789113163948,0.0,0.0344976969063,0.0287642963231,0.981792986393,0.0428982414305,0.00451127812266,0.603358447552,0.0471722073853,0.994376957417,0.46603423357
0.0323723144829,0.0,0.789113163948,0.0,0.0344976969063,0.0246891789138,0.934252440929,0.0366106443107,0.00451127812266,0.603358447552,0.0471722073853,0.952972888947,0.464198291302
0.0353512838483,0.0,0.789113163948,0.0,0.0344976969063,0.0299982391298,0.983816027641,0.0314904861152,0.00451127812266,0.603358447552,0.0471722073853,0.992889165878,0.393512845039
0.0250638611615,0.0,0.789113163948,0.0,0.0344976969063,0.0238077938557,0.981792986393,0.0235675759614,0.00451127812266,0.603358447552,0.0471722073853,0.98774522543,0.599449157715
0.0546348057687,0.0,0.789113163948,0.0,0.0344976969063,0.0268563516438,0.978758513927,0.0235719494522,0.00451127812266,0.603358447552,0.0471722073853,1.0,0.511933863163
0.0291876588017,0.0,0.789113163948,0.0,0.0344976969063,0.0270948447287,0.935263931751,0.0210883952677,0.00451127812266,0.603358447552,0.0471722073853,0.9777597785,0.686352491379
0.163410767913,0.0,0.789113163948,0.0,0.0344976969063,0.0151183642447,1.00000011921,0.0135458894074,0.00451127812266,0.603358447552,0.0471722073853,1.0,0.999999940395
0.333219915628,0.0,0.705839931965,1.0,0.0701501220465,0.0191001556814,1.00000011921,0.0083951279521,0.00601503765211,0.554140150547,0.0306872949004,1.0,0.767747819424
0.411115586758,0.0,0.705839931965,0.0,0.0701501220465,0.0197741575539,1.00000011921,0.0123390927911,0.00601503765211,0.554140150547,0.0306872949004,1.0,0.755507946014
0.278907209635,0.0,0.705839931965,0.0,0.0701501220465,0.0139155313373,0.977747023106,0.00945764034986,0.00601503765211,0.554140150547,0.0306872949004,1.0,0.843329250813
0.238732784986,0.0,0.705839931965,0.0,0.0701501220465,0.0266386009753,1.00000011921,0.0126582868397,0.00601503765211,0.554140150547,0.0306872949004,0.435195952654,0.797735571861
0.216228485107,0.0,0.705839931965,0.0,0.0701501220465,0.0214332342148,1.00000011921,0.0169214345515,0.00601503765211,0.554140150547,0.0306872949004,0.426017463207,0.456548333168
0.237657174468,0.0,0.705839931965,0.0,0.0701501220465,0.0141540244222,0.956505417824,0.014481600374,0.00601503765211,0.554140150547,0.0306872949004,0.986913084984,0.8506731987
0.233881562948,0.0,0.705839931965,0.0,0.0701501220465,0.016850028187,0.937286973,0.0174898542464,0.00601503765211,0.554140150547,0.0306872949004,0.89936453104,0.813647449017
0.274314820766,0.0,0.705839931965,0.0,0.0701501220465,0.0211117900908,0.948413491249,0.0173193253577,0.00601503765211,0.554140150547,0.0306872949004,0.886403739452,0.603427171707
0.166216149926,0.0,0.705839931965,0.0,0.0701501220465,0.0265556462109,0.972689509392,0.0213551186025,0.00601503765211,0.554140150547,0.0306872949004,0.939230382442,0.378518968821
0.150134339929,0.0,0.705839931965,0.0,0.0701501220465,0.0191105231643,1.00000011921,0.0202007777989,0.00601503765211,0.554140150547,0.0306872949004,0.860557794571,0.353427171707
0.113036215305,0.0,0.705839931965,1.0,0.0701501220465,0.0150457806885,0.878619909286,0.0210140608251,0.00601503765211,0.554140150547,0.0306872949004,0.86479395628,0.317931443453
0.215639516711,0.0,0.705839931965,0.0,0.0701501220465,0.0222731456161,0.984827518463,0.0215824879706,0.00601503765211,0.554140150547,0.0306872949004,0.659715592861,0.430232554674
0.141859650612,0.0,0.705839931965,1.0,0.0701501220465,0.0266282297671,0.959539949894,0.0271005295217,0.00601503765211,0.554140150547,0.0306872949004,0.808664023876,0.409730702639
0.354687780142,0.0,0.705839931965,1.0,0.0701501220465,0.026866722852,0.823998868465,0.0269300080836,0.00601503765211,0.554140150547,0.0306872949004,0.221115544438,0.406670749187
0.245489403605,0.0,0.705839931965,0.0,0.0701501220465,0.0177417807281,0.939309954643,0.0265321098268,0.00601503765211,0.554140150547,0.0306872949004,0.222678899765,0.440942436457
0.122768774629,0.0,0.705839931965,0.0,0.0317551977932,0.0350687988102,0.973701000214,0.032692912966,0.00601503765211,0.554140150547,0.0306872949004,0.915603399277,0.0875153020024
0.134734809399,0.0,0.705839931965,0.0,0.0317551977932,0.0259749703109,1.00000011921,0.0274459607899,0.00601503765211,0.554140150547,0.0306872949004,0.891547739506,0.143818825483
0.142980396748,0.0,0.705839931965,0.0,0.0701501220465,0.0305789150298,1.00000011921,0.0278219915926,0.00601503765211,0.554140150547,0.0306872949004,0.917822360992,0.173194617033
0.127773523331,0.0,0.705839931965,1.0,0.0317551977932,0.0278829075396,0.925148963928,0.0292430408299,0.00601503765211,0.554140150547,0.0306872949004,0.85379999876,0.115361072123
0.14682726562,0.0,0.705839931965,0.0,0.0317551977932,0.0407304055989,0.906941950321,0.0367855392396,0.00601503765211,0.554140150547,0.0306872949004,0.943340539932,0.0
0.183992639184,0.0,0.705839931965,1.0,0.0317551977932,0.043975982815,0.981792986393,0.0398375205696,0.00601503765211,0.554140150547,0.0306872949004,0.981617808342,0.00581395253539
0.152411952615,0.0,0.705839931965,1.0,0.0317551977932,0.0499175600708,0.938298463821,0.045141313225,0.00601503765211,0.554140150547,0.0306872949004,0.978692829609,0.0486536100507
0.224988803267,0.0,0.705839931965,0.0,0.0317551977932,0.0237766876817,0.917056977749,0.0565097220242,0.00601503765211,0.554140150547,0.0306872949004,0.99548637867,0.30324357748
0.293381631374,0.0,0.705839931965,0.0,0.0317551977932,0.0263378880918,0.929194927216,0.0504494942725,0.00601503765211,0.554140150547,0.0306872949004,0.60477077961,0.247246026993
0.201693862677,0.0,0.705839931965,0.0,0.0317551977932,0.0452928803861,0.961562931538,0.0400648899376,0.00601503765211,0.554140150547,0.0306872949004,0.930404901505,0.0602815151215
0.180632382631,0.0,0.705839931965,0.0,0.0317551977932,0.0240151770413,0.789607822895,0.0566802509129,0.00601503765211,0.554140150547,0.0306872949004,0.573125183582,0.318543463945
0.23081228137,0.0,0.705839931965,0.0,0.0317551977932,0.0285983867943,0.960551440716,0.0424303896725,0.00601503765211,0.554140150547,0.0306872949004,0.748323142529,0.286719709635
0.245775341988,0.0,0.705839931965,0.0,0.0317551977932,0.0294590331614,0.951447963715,0.0495356507599,0.00601503765211,0.554140150547,0.0306872949004,0.831408560276,0.29345163703
0.121147349477,0.0,0.705839931965,0.0,0.0317551977932,0.0239944420755,0.945378959179,0.0566802509129,0.00601503765211,0.554140150547,0.0306872949004,0.736219704151,0.388616889715
0.232166811824,0.0,0.705839931965,0.0,0.0317551977932,0.0240462869406,0.972689509392,0.055053692311,0.00601503765211,0.554140150547,0.0306872949004,0.877023518085,0.315177470446
0.0139607107267,0.0,0.145998567343,0.0,0.0180427245796,0.0208525583148,0.883677423,0.064122185111,0.00601503765211,0.399247258902,0.0355059616268,1.0,0.396572798491
0.00920881237835,0.0,0.145998567343,0.0,0.0180427245796,0.0296042002738,0.839171350002,0.0663171708584,0.00601503765211,0.399247258902,0.0355059616268,0.996469795704,0.223684221506
0.00847535766661,0.0,0.145998567343,0.0,0.0180427245796,0.023828536272,0.683400213718,0.0687482506037,0.00601503765211,0.399247258902,0.0355059616268,0.990745902061,0.242044061422
0.00668637175113,0.0,0.145998567343,0.0,0.0180427245796,0.0309522040188,0.32330596447,0.0875673294067,0.00601503765211,0.399247258902,0.0355059616268,0.98502188921,0.110159106553
0.00704557402059,0.0,0.145998567343,0.0,0.0180427245796,0.0254979804158,0.465927600861,0.106045365334,0.00601503765211,0.399247258902,0.0355059616268,0.990745902061,0.256425946951
0.00544321257621,0.0,0.145998567343,0.0,0.0180427245796,0.0285569094121,0.730940818787,0.0956651419401,0.00601503765211,0.399247258902,0.0355059616268,0.996721982956,0.139534890652
0.00666429800913,0.0,0.145998567343,0.0,0.0180427245796,0.0342081524432,0.741055846214,0.0780790895224,0.00601503765211,0.399247258902,0.0355059616268,0.985803604126,0.158812731504
0.00579940434545,0.0,0.0886806100607,0.0,0.0148672051728,0.0354524590075,0.579215705395,0.0743056535721,0.00300751859322,0.25014474988,0.0385493263602,1.0,0.10128518194
0.00661011692137,0.0,0.0886806100607,0.0,0.0148672051728,0.0435923226178,0.831079423428,0.0704578906298,0.00300751859322,0.25014474988,0.0385493263602,0.996621072292,0.178396552801
0.00691112410277,0.0,0.0886806100607,0.0,0.0148672051728,0.0267837680876,0.617652714252,0.0642008930445,0.00300751859322,0.25014474988,0.0385493263602,1.0,0.236230105162
0.009133560583,0.0,0.0886806100607,0.0,0.0148672051728,0.0372670851648,0.921102941036,0.0686914026737,0.00300751859322,0.25014474988,0.0385493263602,0.992990016937,0.0945532396436
0.0100415982306,0.0,0.0886806100607,0.0,0.0148672051728,0.0311284847558,0.955493986607,0.0750926882029,0.00300751859322,0.25014474988,0.0385493263602,1.0,0.120869018137
0.00833589117974,0.0,0.0886806100607,0.0,0.0148672051728,0.0211843773723,0.896826982498,0.0812534987926,0.00300751859322,0.25014474988,0.0385493263602,0.985122799873,0.374846994877
0.00606730068102,0.0,0.0886806100607,0.0,0.0148672051728,0.0268770940602,0.68441182375,0.094012349844,0.00300751859322,0.25014474988,0.0385493263602,0.975313901901,0.349449187517
0.00562080694363,0.0,0.0886806100607,0.0,0.0148672051728,0.0442766882479,0.530663609505,0.0904925167561,0.00300751859322,0.25014474988,0.0385493263602,0.989232957363,0.0832313224673
0.00790143758059,0.449999988079,0.124008655548,0.0,0.00750577822328,0.0333993472159,0.40422603488,0.116263821721,0.00601503765211,0.546902179718,0.0319553650916,0.992359638214,0.151468783617
0.0126212295145,0.449999988079,0.124008655548,0.0,0.00750577822328,0.0310559011996,0.282845944166,0.150285959244,0.00601503765211,0.546902179718,0.0319553650916,0.964546859264,0.0865973010659
0.00839809980243,0.449999988079,0.124008655548,0.0,0.00750577822328,0.0375781543553,0.381973057985,0.150285959244,0.00601503765211,0.546902179718,0.0319553650916,1.0,0.111995093524
0.00909844320267,0.449999988079,0.124008655548,0.0,0.00750577822328,0.0351517535746,0.20597191155,0.233935594559,0.00601503765211,0.546902179718,0.0319553650916,0.951535582542,0.103121168911
0.00693420134485,0.449999988079,0.124008655548,0.0,0.00750577822328,0.0329534672201,0.300041466951,0.233935594559,0.00601503765211,0.546902179718,0.0319553650916,0.981869935989,0.0905752703547
0.00869308691472,0.449999988079,0.124008655548,0.0,0.00750577822328,0.0375055707991,0.254523932934,0.233935594559,0.00601503765211,0.546902179718,0.0319553650916,0.983836770058,0.0348837152123
0.00219434220344,0.599999964237,0.105623655021,0.0,0.00230947136879,0.033585999161,0.0886378139257,0.222558438778,0.0,0.354371756315,0.0329698212445,0.991098880768,0.100979201496
0.00144383101724,0.599999964237,0.105623655021,0.0,0.00230947136879,0.0315536223352,0.178661376238,0.222558438778,0.0,0.354371756315,0.0329698212445,0.949064493179,0.0810893550515
0.00138563627843,0.799999952316,0.0165825523436,0.0,0.00534064695239,0.0447329394519,0.312179476023,0.197582900524,0.00451127812266,0.339895784855,0.0299264527857,0.993267476559,0.0379436984658
0.00402446556836,0.799999952316,0.0547945201397,0.0,0.00274249911308,0.0386358238757,0.333420991898,0.270192056894,0.00150375941303,0.447017967701,0.0253614000976,1.0,0.0719094201922
0.00468166451901,0.799999952316,0.0547945201397,0.0,0.00274249911308,0.0367693565786,0.358708500862,0.270192056894,0.00150375941303,0.447017967701,0.0253614000976,0.892606735229,0.210526317358
0.00378064974211,0.799999952316,0.0547945201397,0.0,0.00274249911308,0.0385010205209,0.375904023647,0.270192056894,0.00150375941303,0.447017967701,0.0253614000976,0.98814868927,0.149632781744
0.00316057517193,0.949999988079,0.0529920719564,0.0,0.00259815528989,0.0354006104171,0.143258854747,0.285250812769,0.00300751859322,0.552692592144,0.0365204177797,1.0,0.0865973010659
0.0017839691136,0.949999988079,0.0529920719564,0.0,0.00259815528989,0.0370596982539,0.129097849131,0.285250812769,0.00300751859322,0.552692592144,0.0365204177797,0.968228280544,0.0832313224673
0.00345656531863,0.824999988079,0.0731795206666,0.0,0.00433025509119,0.0269704200327,0.376915544271,0.224762141705,0.00150375941303,0.474522322416,0.0306872949004,0.992107450962,0.174418598413
0.00218430859968,0.824999988079,0.0731795206666,0.0,0.00433025509119,0.041985090822,0.147304862738,0.224762141705,0.00150375941303,0.474522322416,0.0306872949004,0.996167242527,0.0422276556492
0.00352178374305,0.949999988079,0.0966113954782,0.0,0.004489030689,0.0445048175752,0.324317485094,0.174391359091,0.00451127812266,0.295020252466,0.0306872949004,0.989611148834,0.0636474862695
0.00201574456878,0.949999988079,0.0966113954782,0.0,0.004489030689,0.0463816560805,0.311167985201,0.174391359091,0.00451127812266,0.295020252466,0.0306872949004,0.983988046646,0.035189718008
0.0136877978221,0.0,0.38175919652,0.0,0.0150115452707,0.0241603478789,0.21406391263,0.123119845986,0.00451127812266,0.371742904186,0.0405782423913,1.0,0.279681771994
0.023046111688,0.0,0.38175919652,0.0,0.0150115452707,0.0286709778011,0.51953715086,0.141025081277,0.00451127812266,0.371742904186,0.0405782423913,0.994881212711,0.282741755247
0.0252835955471,0.0,0.38175919652,0.0,0.0150115452707,0.0230404697359,0.723860263824,0.141025081277,0.00451127812266,0.371742904186,0.0405782423913,0.981163918972,0.499693989754
0.0136326132342,0.0,0.38175919652,1.0,0.0150115452707,0.0259542278945,0.586296200752,0.135966151953,0.00451127812266,0.371742904186,0.0405782423913,0.960714101791,0.395654827356
0.043717276305,0.0,0.38175919652,1.0,0.0150115452707,0.0184883698821,1.00000011921,0.120041623712,0.00451127812266,0.371742904186,0.0405782423913,1.0,0.653610765934
0.0175045691431,0.0,0.38175919652,1.0,0.0150115452707,0.0248758271337,0.920091450214,0.120133444667,0.00451127812266,0.371742904186,0.0405782423913,0.990796267986,0.475520193577
0.0377041548491,0.0,0.38175919652,1.0,0.0150115452707,0.0191105231643,0.884688913822,0.110859453678,0.00451127812266,0.371742904186,0.0405782423913,0.995814144611,0.680844545364
0.0217919144779,0.0,0.38175919652,1.0,0.0150115452707,0.023289334029,0.532686650753,0.110317274928,0.00451127812266,0.371742904186,0.0405782423913,0.984971523285,0.437576502562
0.0140991760418,0.0,0.38175919652,0.0,0.0150115452707,0.0291790626943,0.315213978291,0.123119845986,0.00451127812266,0.371742904186,0.0405782423913,0.972035884857,0.234088122845
0.0290522072464,0.0,0.38175919652,0.0,0.0150115452707,0.0191934816539,0.0876263156533,0.107470795512,0.00451127812266,0.371742904186,0.0405782423913,0.879040777683,0.851285159588
0.019868478179,0.0,0.38175919652,0.0,0.0150115452707,0.0271777994931,0.417375564575,0.123119845986,0.00451127812266,0.371742904186,0.0405782423913,0.991754472256,0.236842125654
0.00457530887797,0.0,0.500720977783,1.0,0.0238164030015,0.0241292417049,0.554939687252,0.0866840928793,0.00601503765211,0.370295315981,0.0349987335503,0.989661574364,0.360465109348
0.00703654345125,0.0,0.500720977783,0.0,0.0238164030015,0.0319476537406,0.84928637743,0.100195005536,0.00601503765211,0.370295315981,0.0349987335503,0.989611148834,0.243574053049
0.0111061604694,0.0,0.500720977783,1.0,0.0238164030015,0.0247825048864,0.937286973,0.0769422501326,0.00601503765211,0.370295315981,0.0349987335503,1.0,0.49541002512
0.011463355273,0.0,0.500720977783,1.0,0.0238164030015,0.0291583277285,0.923125982285,0.0976677238941,0.00601503765211,0.370295315981,0.0349987335503,0.992031812668,0.268359839916
0.0359292179346,0.0,0.223503962159,1.0,0.0176097042859,0.0351517535746,0.883677423,0.075735449791,0.0105263162404,0.415170818567,0.0375348739326,0.986887931824,0.244186043739
0.0409078747034,0.0,0.223503962159,1.0,0.0176097042859,0.0269911549985,0.911999464035,0.0838813483715,0.0105263162404,0.415170818567,0.0375348739326,0.995814144611,0.603733122349
0.0625653415918,0.0,0.223503962159,1.0,0.0176097042859,0.0344051681459,0.774435281754,0.0936800390482,0.0105263162404,0.415170818567,0.0375348739326,0.98358464241,0.250918000937
0.0616763681173,0.0,0.223503962159,0.0,0.0176097042859,0.0316987968981,0.805791914463,0.0936800390482,0.0105263162404,0.415170818567,0.0375348739326,1.0,0.179620563984
0.0316388607025,0.0,0.223503962159,0.0,0.0171766765416,0.0487873144448,0.780504345894,0.0771652311087,0.0105263162404,0.415170818567,0.0375348739326,0.970119476318,0.0737454071641
0.0528698973358,0.0,0.223503962159,0.0,0.0171766765416,0.0535468049347,0.828044891357,0.0771652311087,0.0105263162404,0.415170818567,0.0375348739326,0.962428748608,0.0887392982841
0.0383422933519,0.0,0.223503962159,0.0,0.0171766765416,0.0464438609779,0.86344742775,0.0912139713764,0.0105263162404,0.415170818567,0.0375348739326,0.975994765759,0.0428396612406
0.0413764454424,0.0,0.223503962159,0.0,0.0171766765416,0.0373500324786,0.796688377857,0.0912139713764,0.0105263162404,0.415170818567,0.0375348739326,0.937414824963,0.141676872969
0.0299191065133,0.0,0.223503962159,0.0,0.0171766765416,0.0427731461823,0.160454377532,0.0981836766005,0.0105263162404,0.415170818567,0.0375348739326,0.951106965542,0.0670134648681
0.04432631284,0.0,0.223503962159,0.0,0.0171766765416,0.0310144238174,0.204960405827,0.0981836766005,0.0105263162404,0.415170818567,0.0375348739326,0.958242952824,0.0621175020933
0.0538802817464,0.0,0.223503962159,0.0,0.0171766765416,0.0250935815275,0.677331268787,0.111143663526,0.0105263162404,0.415170818567,0.0375348739326,0.953225076199,0.303549557924
0.0464514233172,0.0,0.223503962159,0.0,0.0171766765416,0.0399319790304,0.766343355179,0.111143663526,0.0105263162404,0.415170818567,0.0375348739326,0.947652459145,0.107711128891
0.0577221363783,0.0,0.223503962159,0.0,0.0176097042859,0.0495235286653,0.729929327965,0.118441298604,0.0105263162404,0.415170818567,0.0375348739326,0.972288072109,0.0226438194513
0.0332582816482,0.0,0.223503962159,0.0,0.0176097042859,0.0485902987421,0.700595796108,0.110286653042,0.0105263162404,0.415170818567,0.0375348739326,0.954738020897,0.067931458354
0.0449413731694,0.0,0.223503962159,1.0,0.0176097042859,0.0328186713159,0.661147236824,0.110286653042,0.0105263162404,0.415170818567,0.0375348739326,0.907458782196,0.193390458822
0.0331559367478,0.0,0.223503962159,0.0,0.0176097042859,0.0261823497713,0.610572218895,0.110286653042,0.0105263162404,0.415170818567,0.0375348739326,0.949190557003,0.279987752438
0.0522327683866,0.0,0.223503962159,1.0,0.0176097042859,0.0318335928023,0.762297332287,0.131978437304,0.0105263162404,0.415170818567,0.0375348739326,0.978692829609,0.238984078169
0.0513548254967,0.0,0.223503962159,0.0,0.0176097042859,0.0393720380962,0.712733745575,0.131978437304,0.0105263162404,0.415170818567,0.0375348739326,0.982777774334,0.0917992666364
0.00827167648822,0.299999982119,0.177721694112,0.0,0.00620669871569,0.0302782021463,0.175626888871,0.22125980258,0.00751879671589,0.405037641525,0.0355059616268,0.955897927284,0.141676872969
0.00928306020796,0.299999982119,0.177721694112,0.0,0.00620669871569,0.0315743647516,0.415352553129,0.22125980258,0.00751879671589,0.405037641525,0.0355059616268,0.966917097569,0.17258259654
0.0113670332357,0.299999982119,0.177721694112,0.0,0.00620669871569,0.0345918126404,0.537744164467,0.227652341127,0.00751879671589,0.405037641525,0.0355059616268,0.985753178596,0.295287638903
0.0106476256624,0.299999982119,0.177721694112,0.0,0.00620669871569,0.0262756757438,0.646986246109,0.227652341127,0.00751879671589,0.405037641525,0.0355059616268,0.994250833988,0.326499372721
0.0103245452046,0.299999982119,0.177721694112,0.0,0.00620669871569,0.029002789408,0.523583173752,0.258233368397,0.00751879671589,0.405037641525,0.0355059616268,0.939104318619,0.290391683578
0.012799827382,0.299999982119,0.177721694112,0.0,0.00620669871569,0.0293657146394,0.0673963055015,0.258233368397,0.00751879671589,0.405037641525,0.0355059616268,0.94404655695,0.10587515682
0.0206771846861,0.219999998808,0.211247310042,0.0,0.00663972273469,0.0210703127086,0.762297332287,0.29843378067,0.00902255717665,0.448465555906,0.0418463125825,0.938448667526,0.329559355974
0.0191972330213,0.219999998808,0.211247310042,0.0,0.00663972273469,0.0211947448552,0.69857275486,0.29843378067,0.00902255717665,0.448465555906,0.0418463125825,0.980407476425,0.511933863163
0.0340970866382,0.219999998808,0.211247310042,0.0,0.00663972273469,0.026410471648,0.341513007879,0.302832484245,0.00902255717665,0.448465555906,0.0418463125825,0.983055114746,0.227356165648
0.0197229906917,0.219999998808,0.211247310042,0.0,0.00663972273469,0.0276340432465,0.789607822895,0.302832484245,0.00902255717665,0.448465555906,0.0418463125825,0.947652459145,0.257649928331
0.0164941884577,0.219999998808,0.211247310042,0.0,0.00663972273469,0.0297804810107,0.485146105289,0.292819529772,0.00902255717665,0.448465555906,0.0418463125825,0.94404655695,0.238372117281
0.01913703233,0.219999998808,0.211247310042,0.0,0.00663972273469,0.0327357165515,0.165511876345,0.292819529772,0.00902255717665,0.448465555906,0.0418463125825,0.992031812668,0.147796809673
0.0140771018341,0.219999998808,0.211247310042,0.0,0.00663972273469,0.0303404219449,0.119994342327,0.274026691914,0.00902255717665,0.448465555906,0.0418463125825,0.998436629772,0.127600967884
0.0214808732271,0.219999998808,0.211247310042,0.0,0.00663972273469,0.029832329601,0.0785228088498,0.274026691914,0.00902255717665,0.448465555906,0.0418463125825,0.949997484684,0.0569155439734
0.00824859924614,0.219999998808,0.211247310042,0.0,0.00663972273469,0.0352139659226,0.0572812892497,0.340050905943,0.00902255717665,0.448465555906,0.0418463125825,0.972741901875,0.0550795570016
0.0370178595185,0.219999998808,0.211247310042,0.0,0.00663972273469,0.0487147308886,0.0734653025866,0.340050905943,0.00902255717665,0.448465555906,0.0418463125825,1.0,0.0553855523467
0.00483517814428,0.799999952316,0.131218463182,0.0,0.0010103918612,0.026410471648,0.312179476023,0.353762924671,0.0,0.426751613617,0.0349987335503,0.989888548851,0.14810281992
0.00355991115794,0.799999952316,0.131218463182,0.0,0.0010103918612,0.0240048095584,0.181695893407,0.353762924671,0.0,0.426751613617,0.0349987335503,0.995662868023,0.230110168457
0.00154316332191,0.899999976158,0.135183855891,0.0,0.0012990757823,0.040367487818,0.334432512522,0.227652341127,0.00300751859322,0.323972195387,0.0337306633592,0.973372280598,0.0422276556492
0.0613593049347,0.199999988079,0.143114641309,0.0,0.037817556411,0.0533290542662,0.867493450642,0.0293567217886,0.00601503765211,0.352924138308,0.0263758562505,0.981844782829,0.103733159602
0.066573753953,0.199999988079,0.143114641309,0.0,0.037817556411,0.0391128100455,1.00000011921,0.0334493480623,0.00601503765211,0.352924138308,0.0263758562505,0.965681552887,0.185434520245
0.0658854469657,0.199999988079,0.143114641309,0.0,0.037817556411,0.0340215079486,1.00000011921,0.0385257788002,0.00601503765211,0.352924138308,0.0263758562505,0.987467825413,0.158200740814
0.0541923232377,0.199999988079,0.143114641309,0.0,0.037817556411,0.0377648063004,0.815906882286,0.0429594554007,0.00601503765211,0.352924138308,0.0263758562505,0.989661574364,0.240514069796
0.0535913147032,0.199999988079,0.143114641309,0.0,0.037817556411,0.0410518534482,0.892780959606,0.0441706366837,0.00601503765211,0.352924138308,0.0263758562505,0.978491067886,0.169216662645
0.0521886199713,0.199999988079,0.143114641309,0.0,0.037817556411,0.0501560531557,0.914022445679,0.0506724901497,0.00601503765211,0.352924138308,0.0263758562505,0.974683463573,0.12790697813
0.082803055644,0.199999988079,0.143114641309,0.0,0.037817556411,0.0390505902469,0.944367468357,0.0415034256876,0.00601503765211,0.352924138308,0.0263758562505,0.991225004196,0.291309654713
0.0551916658878,0.199999988079,0.143114641309,0.0,0.037817556411,0.0377959124744,0.915033936501,0.0350015722215,0.00601503765211,0.352924138308,0.0263758562505,0.977280795574,0.194920450449
0.0764176845551,0.199999988079,0.143114641309,0.0,0.037817556411,0.0207281261683,0.623721718788,0.0374676473439,0.00601503765211,0.352924138308,0.0263758562505,0.988652944565,0.266829848289
0.0788337737322,0.199999988079,0.143114641309,0.0,0.037817556411,0.0358050130308,0.844228863716,0.043868932873,0.00601503765211,0.352924138308,0.0263758562505,0.967648386955,0.399632811546
0.0580281578004,0.199999988079,0.143114641309,0.0,0.0274249427021,0.0491087622941,0.666204750538,0.0564922429621,0.00601503765211,0.352924138308,0.0263758562505,0.968833506107,0.17472460866
0.054231453687,0.199999988079,0.143114641309,0.0,0.0274249427021,0.0405333898962,0.520548641682,0.0761858075857,0.00601503765211,0.352924138308,0.0263758562505,0.983357667923,0.0437576547265
0.00909543316811,0.199999988079,0.250901222229,1.0,0.0114030055702,0.0244610570371,0.610572218895,0.121899917722,0.00300751859322,0.293572664261,0.0405782423913,0.985980093479,0.364749073982
0.0300164334476,0.199999988079,0.250901222229,0.0,0.0114030055702,0.0237974263728,0.414341032505,0.144265070558,0.00300751859322,0.293572664261,0.0405782423913,0.979197084904,0.344859242439
0.0162654239684,0.199999988079,0.250901222229,0.0,0.0114030055702,0.0277792178094,0.153373852372,0.144265070558,0.00300751859322,0.293572664261,0.0405782423913,1.0,0.14871481061
0.0114984735847,0.199999988079,0.250901222229,0.0,0.0114030055702,0.030869256705,0.58225017786,0.121899917722,0.00300751859322,0.293572664261,0.0405782423913,0.995108127594,0.183598518372
0.0222624894232,0.199999988079,0.250901222229,1.0,0.0114030055702,0.0428249947727,0.512456595898,0.141532287002,0.00300751859322,0.293572664261,0.0405782423913,0.984542787075,0.148408800364
0.00566294789314,0.399999976158,0.231074258685,1.0,0.00894919410348,0.0331504903734,0.321283012629,0.128900244832,0.00451127812266,0.338448166847,0.0380421020091,1.0,0.0550795570016
0.00963624287397,0.399999976158,0.231074258685,0.0,0.00894919410348,0.0341459400952,0.421421557665,0.137194812298,0.00451127812266,0.338448166847,0.0380421020091,1.0,0.0382496938109
0.0105041461065,0.399999976158,0.231074258685,1.0,0.00894919410348,0.0384284369648,0.484134614468,0.159927248955,0.00451127812266,0.338448166847,0.0380421020091,0.980710029602,0.132190942764
0.00614756904542,0.399999976158,0.231074258685,1.0,0.00894919410348,0.0338555984199,0.267673432827,0.163232833147,0.00451127812266,0.338448166847,0.0380421020091,0.99130064249,0.0743573978543
0.00800478365272,0.399999976158,0.231074258685,0.0,0.00894919410348,0.0302885733545,0.313190966845,0.131641760468,0.00451127812266,0.338448166847,0.0380421020091,1.0,0.167074650526
0.021108629182,0.199999988079,0.120043255389,0.0,0.00835739448667,0.033710423857,0.314202487469,0.12991027534,0.00601503765211,0.283439487219,0.0311945229769,1.0,0.0954712256789
0.00359001220204,0.199999988079,0.120043255389,0.0,0.00835739448667,0.0441626347601,0.640917241573,0.155882701278,0.00601503765211,0.283439487219,0.0311945229769,0.975818216801,0.0621175020933
0.00371743855067,0.199999988079,0.120043255389,0.0,0.00835739448667,0.035328026861,0.3647775352,0.179931268096,0.00601503765211,0.283439487219,0.0311945229769,0.988224327564,0.0875153020024
0.00614957604557,0.199999988079,0.120043255389,1.0,0.00835739448667,0.0423480086029,0.491215109825,0.178497105837,0.00601503765211,0.283439487219,0.0311945229769,0.949997484684,0.0391676872969
0.00150603917427,0.899999976158,0.0436193235219,1.0,0.00230947136879,0.0452306605875,0.239351436496,0.207928150892,0.0,0.257382750511,0.0278975404799,0.996520221233,0.0437576547265
0.00090904161334,0.899999976158,0.107065610588,0.0,0.00216513127089,0.0365723408759,0.198891401291,0.270117729902,0.0,0.383323699236,0.0322089791298,0.994502961636,0.187270492315
0.00109967938624,0.550000011921,0.0811103135347,0.0,0.000577367842197,0.0299878679216,0.311167985201,0.270117729902,0.0,0.405037641525,0.0322089791298,0.994502961636,0.198898404837
0.00197159685194,0.799999952316,0.063446290791,0.0,0.0,0.0276755280793,0.307121962309,0.348030656576,0.0,0.319629430771,0.0395637862384,0.860557794571,0.342717260122
0.00388399581425,0.524999976158,0.19178083539,0.0,0.00288683921099,0.0274577699602,0.305098950863,0.270550578833,0.00751879671589,0.394904464483,0.0355059616268,1.0,0.165544658899
0.00460540922359,0.524999976158,0.19178083539,0.0,0.00288683921099,0.0285569094121,0.449743568897,0.270550578833,0.00751879671589,0.394904464483,0.0355059616268,1.0,0.179620563984
0.00431142607704,0.524999976158,0.19178083539,0.0,0.00288683921099,0.0311492197216,0.220132917166,0.270550578833,0.00751879671589,0.394904464483,0.0355059616268,0.936507105827,0.238066107035
0.00351375690661,0.799999952316,0.178442671895,0.0,0.00375289097428,0.0342185236514,0.270707935095,0.174334526062,0.00451127812266,0.325419813395,0.0420999266207,1.0,0.0489596053958
0.00791247468442,0.799999952316,0.178442671895,0.0,0.00375289097428,0.037194494158,0.268684953451,0.174334526062,0.00451127812266,0.325419813395,0.0420999266207,1.0,0.0559975504875
0.00362713634968,0.799999952316,0.178442671895,0.0,0.00375289097428,0.0318232215941,0.225190415978,0.174334526062,0.00451127812266,0.325419813395,0.0420999266207,1.0,0.0908812656999
0.00829274673015,0.0,0.501802444458,0.0,0.00750577822328,0.0266074873507,0.174615383148,0.19121222198,0.00451127812266,0.38911408186,0.0339842773974,1.0,0.209608316422
0.0082265259698,0.0,0.501802444458,0.0,0.00750577822328,0.0253839194775,0.416364043951,0.19121222198,0.00451127812266,0.38911408186,0.0339842773974,1.0,0.265299856663
0.0129754142836,0.0,0.501802444458,0.0,0.00750577822328,0.0323209501803,0.303075969219,0.211225003004,0.00451127812266,0.38911408186,0.0339842773974,1.0,0.138922870159
0.00539003498852,0.0,0.501802444458,0.0,0.00750577822328,0.0309833101928,0.504364609718,0.211225003004,0.00451127812266,0.38911408186,0.0339842773974,0.989787697792,0.173194617033
0.014150345698,0.0,0.501802444458,0.0,0.00750577822328,0.023113053292,0.575169682503,0.22694838047,0.00451127812266,0.38911408186,0.0339842773974,1.0,0.431762546301
0.00648770714179,0.699999988079,0.0807498171926,0.0,0.00216513127089,0.0288679860532,0.191810905933,0.292876392603,0.00601503765211,0.488998264074,0.0309409089386,0.927732050419,0.0991431996226
0.00557966949418,0.699999988079,0.0807498171926,0.0,0.00216513127089,0.0360849834979,0.0896493196487,0.292876392603,0.00601503765211,0.488998264074,0.0309409089386,0.936154067516,0.0921052470803
0.00443182839081,0.699999988079,0.0807498171926,0.0,0.00216513127089,0.0343222133815,0.467950612307,0.292876392603,0.00601503765211,0.488998264074,0.0309409089386,0.984769701958,0.132802933455
0.00354887428693,0.340000003576,0.219538584352,0.0,0.00692840665579,0.0314084552228,0.397145569324,0.1907312572,0.00902255717665,0.447017967701,0.0342378914356,0.997100174427,0.237760096788
0.00929710734636,0.340000003576,0.219538584352,0.0,0.00692840665579,0.0304233767092,0.174615383148,0.1907312572,0.00902255717665,0.447017967701,0.0342378914356,0.966488420963,0.212362319231
0.0100335720927,0.340000003576,0.219538584352,0.0,0.00692840665579,0.0354732014239,0.167534887791,0.1907312572,0.00902255717665,0.447017967701,0.0342378914356,0.983685493469,0.0957772359252
0.00553351454437,0.329999983311,0.0785868838429,0.0,0.0125577412546,0.0381069891155,0.40422603488,0.126469135284,0.00902255717665,0.292125076056,0.0400710143149,0.991880536079,0.159118711948
0.00549739412963,0.329999983311,0.0785868838429,0.0,0.0125577412546,0.0316780544817,0.576181173325,0.0979606807232,0.00902255717665,0.292125076056,0.0400710143149,0.991073608398,0.220318257809
0.00752818863839,0.329999983311,0.0785868838429,0.0,0.0125577412546,0.0400149337947,0.715768277645,0.0861200541258,0.00902255717665,0.292125076056,0.0400710143149,1.0,0.145042836666
0.00494855782017,0.329999983311,0.0785868838429,0.0,0.0125577412546,0.0340940915048,0.699584305286,0.0897710472345,0.00902255717665,0.292125076056,0.0400710143149,1.0,0.177478581667
0.0494635030627,0.0,0.35688534379,0.0,0.0229503549635,0.0318750701845,0.822987377644,0.0956651419401,0.00451127812266,0.410828024149,0.0400710143149,1.0,0.0859853103757
0.0350573025644,0.0,0.35688534379,0.0,0.0229503549635,0.0250002592802,0.764320313931,0.0862643420696,0.00451127812266,0.410828024149,0.0400710143149,0.998335719109,0.252141982317
0.264432758093,0.0,0.35688534379,0.0,0.0229503549635,0.0146413780749,0.370846509933,0.0607685036957,0.00451127812266,0.410828024149,0.0400710143149,0.882873594761,0.33384335041
0.0793063491583,0.0,0.35688534379,0.0,0.0229503549635,0.0265556462109,0.522571623325,0.0660548210144,0.00451127812266,0.410828024149,0.0400710143149,1.0,0.130048960447
0.0262568537146,0.0,0.35688534379,0.0,0.0229503549635,0.0255290865898,0.902895927429,0.0745242834091,0.00451127812266,0.410828024149,0.0400710143149,0.998486995697,0.305691570044
0.0270284358412,0.0,0.35688534379,0.0,0.0229503549635,0.0280488170683,0.826021909714,0.0932734012604,0.00451127812266,0.410828024149,0.0400710143149,0.991149365902,0.188800483942
0.0370439477265,0.0,0.35688534379,0.0,0.0229503549635,0.0311699621379,0.871539413929,0.108117908239,0.00451127812266,0.410828024149,0.0400710143149,0.996948897839,0.231028139591
0.0254411250353,0.0,0.35688534379,0.0,0.0229503549635,0.0222316682339,0.774435281754,0.123102352023,0.00451127812266,0.410828024149,0.0400710143149,0.998789668083,0.298959612846
0.0319338478148,0.0,0.35688534379,0.0,0.0229503549635,0.0243988409638,0.830067873001,0.125445991755,0.00451127812266,0.410828024149,0.0400710143149,0.984366357327,0.507955908775
0.0246043242514,0.0,0.35688534379,0.0,0.0229503549635,0.023030102253,0.713745236397,0.126893281937,0.00451127812266,0.410828024149,0.0400710143149,1.0,0.434822499752
0.0403369665146,0.0,0.35688534379,0.0,0.0229503549635,0.0292516462505,0.668227732182,0.105065941811,0.00451127812266,0.410828024149,0.0400710143149,0.995738506317,0.264075875282
0.0477066226304,0.0,0.35688534379,0.0,0.0229503549635,0.0264623202384,0.583261668682,0.1255902946,0.00451127812266,0.410828024149,0.0400710143149,0.998310565948,0.336597293615
0.0168162658811,0.0,0.266041815281,0.0,0.0155889131129,0.0297078974545,0.517514109612,0.149136006832,0.00601503765211,0.386218875647,0.0431143827736,1.0,0.167380660772
0.0182199627161,0.0,0.266041815281,0.0,0.0155889131129,0.0291894339025,0.537744164467,0.149136006832,0.00601503765211,0.386218875647,0.0431143827736,1.0,0.157282739878
0.0352318845689,0.0,0.266041815281,0.0,0.0155889131129,0.0257157348096,0.493238151073,0.157037034631,0.00601503765211,0.386218875647,0.0431143827736,1.0,0.182680517435
0.0284873154014,0.0,0.266041815281,0.0,0.0155889131129,0.0222627781332,0.740044355392,0.157037034631,0.00601503765211,0.386218875647,0.0431143827736,0.98545062542,0.306303530931
0.0342235080898,0.0,0.266041815281,0.0,0.0155889131129,0.0295938365161,0.394111037254,0.157037034631,0.00601503765211,0.386218875647,0.0431143827736,1.0,0.134332925081
0.0192504115403,0.0,0.266041815281,0.0,0.0155889131129,0.0297597460449,0.137189850211,0.187416940928,0.00601503765211,0.386218875647,0.0431143827736,0.991880536079,0.102509178221
0.030448878184,0.0,0.266041815281,0.0,0.0155889131129,0.0285258032382,0.280822962523,0.187416940928,0.00601503765211,0.386218875647,0.0431143827736,1.0,0.135250926018
0.0241839177907,0.0,0.266041815281,0.0,0.0155889131129,0.0261512435973,0.430525064468,0.187416940928,0.00601503765211,0.386218875647,0.0431143827736,1.0,0.338433295488
0.00663921423256,0.0,0.116798847914,0.0,0.010825637728,0.0239218585193,0.249466434121,0.178615152836,0.00451127812266,0.593225300312,0.0362668037415,0.963538229465,0.252141982317
0.00674657337368,0.0,0.116798847914,0.0,0.010825637728,0.0287435613573,0.162477388978,0.178615152836,0.00451127812266,0.593225300312,0.0362668037415,0.945307314396,0.171664625406
0.00455925473943,0.0,0.116798847914,0.0,0.010825637728,0.0267837680876,0.314202487469,0.20742970705,0.00451127812266,0.593225300312,0.0362668037415,0.928564250469,0.225214213133
0.0050398632884,0.34999999404,0.218457102776,0.0,0.00763568654656,0.0222420357168,0.275765448809,0.240970849991,0.0,0.410828024149,0.0362668037415,0.99273788929,0.327417373657
0.00347763602622,0.34999999404,0.218457102776,0.0,0.00763568654656,0.0256120450795,0.224178910255,0.240970849991,0.0,0.410828024149,0.0362668037415,0.91262793541,0.186658501625
0.00510006444529,0.0,0.187094449997,0.0,0.0187644325197,0.0285672806203,0.373881012201,0.23299986124,0.00601503765211,0.295020252466,0.044636067003,0.981869935989,0.120869018137
0.00375054893084,0.0,0.187094449997,0.0,0.0187644325197,0.0285050608218,0.377927035093,0.23299986124,0.00601503765211,0.295020252466,0.044636067003,0.981088280678,0.153610765934
0.00397429754958,0.0,0.187094449997,0.0,0.0187644325197,0.025674264878,0.337466984987,0.212313741446,0.00601503765211,0.295020252466,0.044636067003,1.0,0.192166477442
0.00343850511126,0.0,0.187094449997,0.0,0.0187644325197,0.0239322260022,0.456824094057,0.179336622357,0.00601503765211,0.295020252466,0.044636067003,1.0,0.246940016747
0.00305120903067,0.0,0.187094449997,0.0,0.0187644325197,0.0242018252611,0.591353654861,0.19612249732,0.00601503765211,0.295020252466,0.044636067003,0.994729936123,0.270195841789
0.00331709883176,0.0,0.187094449997,0.0,0.0187644325197,0.0259023867548,0.36578899622,0.161020368338,0.00601503765211,0.295020252466,0.044636067003,0.998083651066,0.207466334105
0.005515454337,0.0,0.187094449997,0.0,0.0187644325197,0.0251350589097,0.447720587254,0.161020368338,0.00601503765211,0.295020252466,0.044636067003,1.0,0.245104044676
0.00617164978758,0.0,0.187094449997,0.0,0.0187644325197,0.024958781898,0.580227196217,0.161020368338,0.00601503765211,0.295020252466,0.044636067003,1.0,0.231334149837
0.0013053676812,0.34999999404,0.0547945201397,0.0,0.00822748616338,0.0381588377059,0.487169116735,0.258338302374,0.0,0.381876081228,0.0327162072062,0.994553387165,0.115055076778
0.00250638625585,0.0,0.068132661283,0.0,0.019197460264,0.0308899916708,0.592365205288,0.224626600742,0.0,0.581644535065,0.0337306633592,0.982500314713,0.211750298738
0.00255153723992,0.550000011921,0.136265322566,0.0,0.0142898373306,0.0325075946748,0.558985710144,0.201242655516,0.00601503765211,0.50636947155,0.0380421020091,1.0,0.166768670082
0.00305923609994,0.550000011921,0.136265322566,0.0,0.0142898373306,0.0343533195555,0.272730946541,0.233305931091,0.00601503765211,0.50636947155,0.0380421020091,0.977482438087,0.0881272926927
0.00312345079146,0.0,0.15825521946,0.0,0.00822748616338,0.0254357643425,0.479077100754,0.301000446081,0.00300751859322,0.480312675238,0.0410854667425,0.971607267857,0.269277840853
0.00618268689141,0.0,0.15825521946,0.0,0.00822748616338,0.0242329314351,0.517514109612,0.301000446081,0.00300751859322,0.480312675238,0.0410854667425,0.918578803539,0.334761321545
0.00187627784908,0.849999964237,0.14960347116,0.0,0.00635103881359,0.0306411273777,0.268684953451,0.323811590672,0.00451127812266,0.478865116835,0.0388029441237,0.988728582859,0.141676872969
0.00150603917427,0.799999952316,0.0724585428834,0.0,0.00721709057689,0.0318750701845,0.288914978504,0.315447032452,0.00451127812266,0.376085698605,0.0365204177797,0.984971523285,0.130354940891
0.00290873250924,0.399999976158,0.0450612828135,0.0,0.00635103881359,0.0350273214281,0.337466984987,0.335040062666,0.0,0.455703526735,0.0433679968119,0.982223033905,0.12729498744
0.00623185141012,0.399999976158,0.0450612828135,0.0,0.00635103881359,0.0303715281188,0.437605589628,0.335040062666,0.0,0.455703526735,0.0433679968119,1.0,0.130048960447
0.00797668937594,0.599999964237,0.060922857374,0.0,0.00375289097428,0.0312943942845,0.351628035307,0.418912678957,0.00451127812266,0.565720975399,0.0398173965514,0.934136867523,0.115055076778
0.00726831937209,0.599999964237,0.060922857374,0.0,0.00375289097428,0.0240877643228,0.175626888871,0.418912678957,0.00451127812266,0.565720975399,0.0398173965514,0.988476395607,0.185434520245
0.00171473738737,0.899999976158,0.072819031775,0.0,0.00360854715109,0.0328394137323,0.353650987148,0.480835527182,0.00601503765211,0.241459205747,0.0365204177797,0.968631744385,0.0847613140941
0.00431543914601,0.799999952316,0.0688536390662,0.0,0.00404157117009,0.0217961631715,0.210017904639,0.413464576006,0.00451127812266,0.45425593853,0.0492011196911,0.964445948601,0.193390458822
0.0106947841123,0.799999952316,0.0688536390662,0.0,0.00404157117009,0.0246269628406,0.185741886497,0.413464576006,0.00451127812266,0.45425593853,0.0492011196911,0.947400271893,0.117503069341
0.901311695576,0.0,0.652487397194,1.0,0.0555715896189,0.0274888761342,0.973701000214,0.043401081115,0.0345864668489,0.934858202934,0.044636067003,0.951661705971,0.485618114471
0.38626241684,0.0,0.652487397194,1.0,0.0555715896189,0.0293864496052,0.908964931965,0.0601476095617,0.0345864668489,0.934858202934,0.044636067003,0.985980093479,0.353121191263
0.521923303604,0.0,0.652487397194,1.0,0.0555715896189,0.0266074873507,0.832090914249,0.069657728076,0.0345864668489,0.934858202934,0.044636067003,0.996293246746,0.298347592354
0.427561610937,0.0,0.652487397194,0.0,0.0555715896189,0.0264519564807,0.810849368572,0.0603181384504,0.0345864668489,0.934858202934,0.044636067003,0.984467148781,0.334761321545
0.455716818571,0.0,0.652487397194,0.0,0.0555715896189,0.0294175557792,0.878619909286,0.0607160292566,0.0345864668489,0.934858202934,0.044636067003,0.943668365479,0.185434520245
0.38497209549,0.0,0.652487397194,0.0,0.0555715896189,0.0278932787478,0.909976422787,0.0509785600007,0.0345864668489,0.934858202934,0.044636067003,0.883377850056,0.381272941828
0.369056850672,0.0,0.652487397194,0.0,0.0555715896189,0.0186750181019,0.961562931538,0.0425877980888,0.0345864668489,0.934858202934,0.044636067003,0.959377706051,0.258873909712
0.42365655303,0.0,0.652487397194,1.0,0.0555715896189,0.0232478566468,0.888734936714,0.0338909737766,0.0345864668489,0.934858202934,0.044636067003,0.889404416084,0.395042836666
0.348594397306,0.0,0.652487397194,1.0,0.0480658225715,0.054117102176,0.827033400536,0.0338909737766,0.0345864668489,0.934858202934,0.044636067003,0.893211901188,0.108935125172
0.457116484642,0.0,0.652487397194,0.0,0.0480658225715,0.0,0.877608418465,0.0211452357471,0.0345864668489,0.934858202934,0.044636067003,0.893590211868,0.164932668209
0.370936125517,0.0,0.652487397194,0.0,0.0480658225715,0.0145376846194,0.913010954857,0.0272273309529,0.0345864668489,0.934858202934,0.044636067003,0.796081483364,0.375458985567
0.0,0.180999994278,0.0,0.630999982357,0.502020716667,0.999999940395,0.00377896707505,1.0,1.00000011921,0.0,0.326705574989,0.0328054875135,0.65391677618
0.49146643281,0.0,0.652487397194,0.0,0.0355080850422,0.0146102681756,1.00000011921,0.00887172669172,0.0345864668489,0.934858202934,0.044636067003,0.946089029312,0.0468176230788
0.568901538849,0.0,0.652487397194,1.0,0.0355080850422,0.0323727913201,0.967631995678,0.00992986187339,0.0345864668489,0.934858202934,0.044636067003,0.945609927177,0.0611995086074
0.656071186066,0.0,0.652487397194,1.0,0.0355080850422,0.0358257554471,0.974712491035,0.00318315252662,0.0345864668489,0.934858202934,0.044636067003,0.98777037859,0.0376376956701
0.926329433918,0.0,0.652487397194,0.0,0.0355080850422,0.0275303535163,1.00000011921,0.00172712653875,0.0345864668489,0.934858202934,0.044636067003,0.922462046146,0.238678097725
0.829500436783,0.0,0.652487397194,1.0,0.0408487282693,0.0239944420755,0.89480394125,0.0,0.0345864668489,0.934858202934,0.044636067003,0.876393139362,0.218788266182
0.0,0.180999994278,0.0,0.667999982834,0.652569234371,0.999999940395,0.000376279465854,1.0,1.00000011921,0.0,1.00000011921,0.0868677198887,0.369339048862
0.0,0.180999994278,0.0,0.667999982834,0.541714727879,0.999999940395,0.0,1.0,1.00000011921,0.0,1.00000011921,0.0949367135763,0.369339048862
0.0,0.180999994278,0.0,0.671000003815,0.999999940395,0.97822457552,0.00181362126023,1.0,1.00000011921,0.0,1.00000011921,0.033082857728,0.406058758497
0.0,0.180999994278,0.0,0.671000003815,0.904157042503,0.930526018143,0.002102910541,1.0,1.00000011921,0.0,0.914075613022,0.0577941425145,0.372399002314
0.985646903515,0.0,0.652487397194,0.0,0.0412817560136,0.0335237793624,0.987862050533,0.00998670980334,0.0345864668489,0.934858202934,0.044636067003,1.0,0.597001194954
0.0,0.180999994278,0.0,0.671000003815,0.865329086781,0.96059679985,0.00251964945346,1.0,1.00000011921,0.0,1.00000011921,0.0589288435876,0.347919225693
0.0,0.180999994278,0.0,0.671000003815,0.842667400837,0.999999940395,0.00251964945346,1.0,1.00000011921,0.0,0.991985857487,0.0541126653552,0.259179919958
0.0,0.180999994278,0.0,0.671000003815,0.950202047825,0.916009068489,0.00282714422792,1.0,1.00000011921,0.0,1.00000011921,0.042589135468,0.265299856663
0.0,0.180999994278,0.0,0.671000003815,0.889145433903,0.990667641163,0.00386595632881,1.0,1.00000011921,0.0,1.00000011921,0.052347574383,0.280599743128
0.921786248684,0.0,0.652487397194,0.0,0.0454676635563,0.0204792618752,1.00000011921,0.0197110660374,0.0345864668489,0.934858202934,0.044636067003,1.0,0.669216632843
0.801931202412,0.0,0.652487397194,0.0,0.0454676635563,0.0203133560717,1.00000011921,0.0176428891718,0.0345864668489,0.934858202934,0.044636067003,1.0,0.698592364788
0.0,0.180999994278,0.0,0.699999988079,0.57491338253,0.908750534058,0.00305978953838,1.0,1.00000011921,0.0,0.718310952187,0.0764284655452,0.216340273619
0.0,0.180999994278,0.0,0.699999988079,0.706120014191,0.980298340321,0.00292424950749,1.0,1.00000011921,0.0,1.00000011921,0.0768823474646,0.167380660772
0.0,0.180999994278,0.0,0.699999988079,0.61590641737,0.999999940395,0.00333997607231,1.0,1.00000011921,0.0,1.00000011921,0.0705028027296,0.268359839916
0.0,0.180999994278,0.0,0.699999988079,0.666137397289,0.891122877598,0.00385786406696,1.0,1.00000011921,0.0,1.00000011921,0.07985778898,0.173500597477
0.0,0.180999994278,0.0,0.699999988079,0.648816347122,0.999999940395,0.00457704160362,1.0,1.00000011921,0.0,0.939183473587,0.0764032527804,0.259179919958
0.817910671234,0.0,0.652487397194,0.0,0.0454676635563,0.0189653523266,0.988873541355,0.0261691920459,0.0345864668489,0.934858202934,0.044636067003,1.0,0.585067331791
0.698552310467,0.0,0.652487397194,0.0,0.0454676635563,0.0223146192729,0.969654977322,0.0348441638052,0.0345864668489,0.934858202934,0.044636067003,0.993771731853,0.470624268055
0.531081974506,0.0,0.652487397194,0.0,0.0454676635563,0.0258194319904,0.822987377644,0.0453949160874,0.0345864668489,0.934858202934,0.044636067003,0.953300714493,0.521113812923
0.0,0.180999994278,0.0,0.699999988079,0.671333611012,0.968892276287,0.00640280079097,1.0,1.00000011921,0.0,1.00000011921,0.0639467462897,0.243880033493
0.867378234863,0.0,0.652487397194,0.0,0.0444572754204,0.0272918604314,0.925148963928,0.0289282239974,0.0345864668489,0.934858202934,0.044636067003,1.0,0.411260694265
0.0,0.180999994278,0.0,0.693000018597,0.794168531895,0.945042908192,0.00652519147843,1.0,1.00000011921,0.0,1.00000011921,0.0404205992818,0.335679292679
0.874601364136,0.0,0.652487397194,0.0,0.0444572754204,0.0301745124161,0.987862050533,0.0260642580688,0.0345864668489,0.934858202934,0.044636067003,0.987593948841,0.470930278301
0.589176356792,0.0,0.652487397194,0.0,0.0444572754204,0.029490146786,0.959539949894,0.0239261202514,0.0345864668489,0.934858202934,0.044636067003,1.0,0.539779722691
0.769777595997,0.0,0.652487397194,0.0,0.0444572754204,0.0226671807468,0.988873541355,0.0220284722745,0.0345864668489,0.934858202934,0.044636067003,0.990418076515,0.556609511375
0.0,0.180999994278,0.0,0.693000018597,0.73152422905,0.999999940395,0.00356655102223,1.0,1.00000011921,0.0,1.00000011921,0.0763276070356,0.100061200559
0.994984149933,0.0,0.652487397194,0.0,0.0444572754204,0.0237559527159,0.775446891785,0.016213092953,0.0345864668489,0.934858202934,0.044636067003,0.851883590221,0.86413705349
0.0,0.180999994278,0.0,0.693000018597,0.808602690697,0.999999940395,0.00456995982677,1.0,1.00000011921,0.0,1.00000011921,0.0666952505708,0.118421040475
0.0,0.180999994278,0.0,0.693000018597,0.859988391399,0.999999940395,0.00442127045244,1.0,1.00000011921,0.0,1.00000011921,0.0504311881959,0.167380660772
0.962792396545,0.0,0.652487397194,0.0,0.0444572754204,0.0294797681272,1.00000011921,0.0222733356059,0.0345864668489,0.934858202934,0.044636067003,0.947576701641,0.568543434143
0.0,0.180999994278,0.0,0.693000018597,0.716512680054,0.958522975445,0.00572307128459,1.0,1.00000011921,0.0,1.00000011921,0.0490443333983,0.201040387154
0.0,0.180999994278,0.0,0.693000018597,0.742782890797,0.848608970642,0.00475810002536,1.0,1.00000011921,0.0,0.828962743282,0.0682333931327,0.207160353661
0.0,0.180999994278,0.0,0.693000018597,0.764722824097,0.999999940395,0.00291716866195,1.0,1.00000011921,0.0,0.969743907452,0.0571385361254,0.100061200559
0.0,0.180999994278,0.0,0.658999979496,0.541714727879,0.999999940395,0.000415726564825,1.0,1.00000011921,0.0,0.932335853577,0.0580462962389,0.311199486256
0.0,0.180999994278,0.0,0.658999979496,0.753897130489,0.999999940395,0.00149904470891,1.0,1.00000011921,0.0,0.835632801056,0.0297796148807,0.800795555115
0.742874622345,0.0,0.652487397194,0.0,0.0306004621089,0.0213191770017,0.978758513927,0.0142148770392,0.0345864668489,0.934858202934,0.044636067003,0.792576551437,0.754895925522
0.0,0.180999994278,0.0,0.597000002861,0.933458387852,0.999999940395,0.00332278013229,1.0,1.00000011921,0.0,0.448288112879,0.0490695498884,0.788555681705
0.0,0.180999994278,0.0,0.597000002861,0.77540409565,0.999999940395,0.00279174186289,1.0,1.00000011921,0.0,0.0,0.0246860645711,0.406058758497
0.0,0.180999994278,0.0,0.597000002861,0.905311763287,0.999999940395,0.00394991133362,1.0,1.00000011921,0.0,0.0822977423668,0.0527005903423,0.473378241062
0.0,0.180999994278,0.0,0.597000002861,0.612442195415,0.999999940395,0.00421694759279,1.0,1.00000011921,0.0,0.0664215087891,0.0858590975404,0.494798004627
0.0,0.180999994278,0.0,0.597000002861,0.688510358334,0.999999940395,0.00457603018731,1.0,1.00000011921,0.0,0.528455555439,0.049826014787,0.445838391781
0.0,0.180999994278,0.0,0.693000018597,0.596708953381,0.999999940395,0.00527194235474,1.0,1.00000011921,0.0,0.217271119356,0.092440366745,0.161260694265
0.0,0.180999994278,0.0,0.679000020027,0.873123526573,0.999999940395,0.00705724116415,1.0,1.00000011921,0.0,0.0625158548355,0.0724444016814,0.167380660772
0.0,0.180999994278,0.0,0.679000020027,0.923354446888,0.904602885246,0.00690349284559,1.0,1.00000011921,0.0,0.0481105782092,0.0642241239548,0.17656058073
0.0,0.180999994278,0.0,0.679000020027,0.710017263889,0.886975169182,0.0051637114957,1.0,1.00000011921,0.0,0.316408842802,0.0663674399257,0.265299856663
0.0,0.180999994278,0.0,0.679000020027,0.804272413254,0.999999940395,0.00673255044967,1.0,1.00000011921,0.0,0.0351255424321,0.0511876568198,0.216340273619
0.0,0.180999994278,0.0,0.717999994755,0.929416775703,0.756322622299,0.00664556119591,1.0,1.00000011921,0.0,0.116282023489,0.0565333627164,0.204100370407
0.0,0.180999994278,0.0,0.717999994755,0.869803607464,0.999999940395,0.00730202440172,1.0,1.00000011921,0.0,0.801800727844,0.037066925317,0.458078324795
0.704616606236,0.0,0.652487397194,0.0,0.0480658225715,0.0253528133035,0.952459514141,0.0325748585165,0.0345864668489,0.934858202934,0.044636067003,0.806041657925,0.427478581667
0.0,0.180999994278,0.0,0.614000022411,0.75967079401,0.871421277523,0.00823563989252,1.0,1.00000011921,0.0,0.732817709446,0.0347470901906,0.58353728056
0.707408905029,0.0,0.652487397194,0.0,0.0330542735755,0.0263586305082,0.84928637743,0.0390111245215,0.0345864668489,0.934858202934,0.044636067003,0.00554743083194,0.659730732441
0.882163643837,0.0,0.652487397194,0.0,0.0287240184844,0.0207799747586,0.702618777752,0.0408344380558,0.0345864668489,0.934858202934,0.044636067003,0.00839679315686,0.472154200077
0.0,0.180999994278,0.0,0.679000020027,0.795467615128,0.952301442623,0.00781485531479,1.0,1.00000011921,0.0,0.0128835914657,0.0606939345598,0.201040387154
0.0,0.180999994278,0.0,0.583999991417,0.786951422691,0.582119226456,0.00870497617871,1.0,1.00000011921,0.0,0.0559218898416,0.0387563668191,0.259179919958
0.0,0.180999994278,0.0,0.679000020027,0.839636206627,0.77913492918,0.00734248477966,1.0,1.00000011921,0.0,0.0411361902952,0.035806145519,0.280599743128
0.739184260368,0.0,0.652487397194,0.0,0.042436491698,0.0272918604314,0.778481304646,0.035242062062,0.0345864668489,0.934858202934,0.044636067003,0.243103548884,0.605569183826
0.937024235725,0.0,0.652487397194,0.0,0.042436491698,0.0292309112847,0.955493986607,0.0366674847901,0.0345864668489,0.934858202934,0.044636067003,0.152302190661,0.683904528618
0.852063953876,0.0,0.652487397194,0.0,0.0287240184844,0.0288990996778,0.859401404858,0.0403622202575,0.0345864668489,0.934858202934,0.044636067003,0.209617227316,0.486842095852
0.0,0.180999994278,0.0,0.583999991417,0.930715918541,0.94089525938,0.00962139759213,1.0,1.00000011921,0.0,0.19967032969,0.0488426089287,0.378518968821
0.646568357944,0.0,0.652487397194,0.0,0.0287240184844,0.0296975262463,0.745101869106,0.0468203537166,0.0345864668489,0.934858202934,0.044636067003,0.246179834008,0.315177470446
0.559980630875,0.0,0.652487397194,0.0,0.0473441146314,0.0298115871847,0.877608418465,0.0518661700189,0.0345864668489,0.934858202934,0.044636067003,0.25182813406,0.44339042902
0.0,0.180999994278,0.0,0.712999999523,0.840502262115,0.948153734207,0.0109768053517,1.0,1.00000011921,0.0,0.248617812991,0.0374451577663,0.305079549551
0.0,0.180999994278,0.0,0.740000009537,0.901270210743,0.944006025791,0.0099905943498,1.0,1.00000011921,0.0,0.272001028061,0.0578697882593,0.357099115849
0.0,0.180999994278,0.0,0.740000009537,0.877020716667,0.930526018143,0.0087555507198,1.0,1.00000011921,0.0,0.0631245300174,0.0447072461247,0.240820080042
0.0,0.180999994278,0.0,0.740000009537,0.832419097424,0.999999940395,0.00786138419062,1.0,1.00000011921,0.0,0.0170428603888,0.0658883526921,0.213280290365
0.0,0.180999994278,0.0,0.740000009537,0.801096916199,0.874532103539,0.00691462028772,1.0,1.00000011921,0.0,0.168272897601,0.0849765539169,0.204100370407
0.942215561867,0.0,0.652487397194,0.0,0.0512413419783,0.0214228667319,0.938298463821,0.0300650633872,0.0345864668489,0.934858202934,0.044636067003,1.0,0.647184789181
0.0,0.180999994278,0.0,0.740000009537,0.784208953381,0.92119371891,0.00737586338073,1.0,1.00000011921,0.0,0.986178159714,0.0549447797239,0.268359839916
0.975682616234,0.0,0.652487397194,0.0,0.0512413419783,0.0295005105436,0.971677958965,0.0409043990076,0.0345864668489,0.934858202934,0.044636067003,0.972414076328,0.544369637966
0.568539261818,0.0,0.652487397194,0.0,0.0512413419783,0.0275614596903,1.00000011921,0.0382678098977,0.0345864668489,0.934858202934,0.044636067003,0.996948897839,0.4547123909
1.0,0.0,0.652487397194,0.0,0.0512413419783,0.0303196869791,1.00000011921,0.0371134765446,0.0345864668489,0.934858202934,0.044636067003,0.974355757236,0.523867785931
0.0,0.180999994278,0.0,0.740000009537,0.789405286312,0.964744508266,0.00767324399203,1.0,1.00000011921,0.0,0.603398501873,0.0591810010374,0.277539789677
0.0,0.180999994278,0.0,0.740000009537,0.876732051373,0.946079909801,0.00860686134547,1.0,1.00000011921,0.0,0.102612234652,0.0596600957215,0.308139532804
0.63091802597,0.0,0.652487397194,0.0,0.0512413419783,0.028826508671,0.963585972786,0.0412061028183,0.0345864668489,0.934858202934,0.044636067003,0.801074206829,0.491432070732
0.995817005634,0.0,0.652487397194,0.0,0.0512413419783,0.0278932787478,0.96560895443,0.0467154048383,0.0345864668489,0.934858202934,0.044636067003,0.978869259357,0.450122416019
0.936040937901,0.0,0.652487397194,0.0,0.0473441146314,0.0272089056671,0.986850440502,0.0494962967932,0.0345864668489,0.934858202934,0.044636067003,1.0,0.501835942268
0.755127608776,0.0,0.652487397194,0.0,0.0473441146314,0.0296145714819,0.982804536819,0.0461469851434,0.0345864668489,0.934858202934,0.044636067003,0.766276597977,0.537943661213
0.674027264118,0.0,0.652487397194,0.0,0.0473441146314,0.0330571644008,0.925148963928,0.0522072203457,0.0345864668489,0.934858202934,0.044636067003,0.0,0.48072218895
0.545940697193,0.0,0.652487397194,0.0,0.0473441146314,0.0320824570954,0.981792986393,0.0535889230669,0.0345864668489,0.934858202934,0.044636067003,0.895077943802,0.489596068859
0.510725855827,0.0,0.652487397194,0.0,0.0473441146314,0.0283702649176,0.917056977749,0.0541573427618,0.0345864668489,0.934858202934,0.044636067003,0.970220386982,0.475520193577
0.827578008175,0.0,0.652487397194,0.0,0.0473441146314,0.0397349633276,0.992919504642,0.0578520707786,0.0345864668489,0.934858202934,0.044636067003,0.946971595287,0.459302306175
0.954556882381,0.0,0.652487397194,0.0,0.0473441146314,0.0328394137323,0.940321445465,0.0597497187555,0.0345864668489,0.934858202934,0.044636067003,0.0160371158272,0.519583821297
0.476832449436,0.0,0.652487397194,0.0,0.0473441146314,0.0307344533503,0.86344742775,0.0571131296456,0.0345864668489,0.934858202934,0.044636067003,0.127590894699,0.501835942268
0.468450397253,0.0,0.652487397194,0.0,0.0473441146314,0.0250417329371,0.877608418465,0.0634444504976,0.0345864668489,0.934858202934,0.044636067003,0.0256190411747,0.528763771057
0.822811067104,0.0,0.652487397194,0.0,0.0473441146314,0.0246269628406,0.800734400749,0.0721281766891,0.0345864668489,0.934858202934,0.044636067003,0.00801855884492,0.465422272682
0.777825593948,0.0,0.652487397194,0.0,0.0473441146314,0.0284117422998,0.83512532711,0.0722986906767,0.0345864668489,0.934858202934,0.044636067003,0.685586750507,0.443696439266
0.682400286198,0.0,0.652487397194,0.0,0.0473441146314,0.0261305011809,0.842205882072,0.0694303512573,0.0345864668489,0.934858202934,0.044636067003,1.0,0.396878808737
0.482828497887,0.0,0.652487397194,0.0,0.0473441146314,0.0325594432652,0.898849904537,0.0641833990812,0.0345864668489,0.934858202934,0.044636067003,0.642770648003,0.449510395527
0.370550841093,0.0,0.652487397194,0.0,0.0473441146314,0.0291894339025,0.882665932178,0.0628541707993,0.0345864668489,0.934858202934,0.044636067003,0.986207008362,0.39534881711
0.667726159096,0.0,0.652487397194,0.0,0.0473441146314,0.0285776518285,0.828044891357,0.0701692998409,0.0345864668489,0.934858202934,0.044636067003,1.0,0.375152975321
0.584069252014,0.0,0.652487397194,0.0,0.0473441146314,0.0306100212038,0.89783847332,0.0731076002121,0.0345864668489,0.934858202934,0.044636067003,0.99223357439,0.261933892965
0.786563813686,0.0,0.652487397194,0.0,0.0389722846448,0.0274577699602,0.650020778179,0.0801822394133,0.0345864668489,0.934858202934,0.044636067003,1.0,0.351591199636
0.317422062159,0.0,0.652487397194,0.0,0.0389722846448,0.0227916054428,0.476042598486,0.0846902579069,0.0345864668489,0.934858202934,0.044636067003,0.842402517796,0.379436969757
0.37876534462,0.0,0.652487397194,0.0,0.0389722846448,0.0247928760946,0.845240354538,0.0761639475822,0.0345864668489,0.934858202934,0.044636067003,0.0546926259995,0.471848189831
0.443712621927,0.0,0.652487397194,0.0,0.0287240184844,0.0253217034042,0.944367468357,0.0616823472083,0.0345864668489,0.934858202934,0.044636067003,0.834560513496,0.599449157715
0.0,0.180999994278,0.0,0.579999983311,0.79979789257,0.69929176569,0.0179177261889,1.0,1.00000011921,0.0,0.928582370281,0.0449089705944,0.531517744064
0.0,0.180999994278,0.0,0.579999983311,0.769053041935,0.551011502743,0.0170609839261,1.0,1.00000011921,0.0,1.00000011921,0.036411318928,0.562117516994
0.436338990927,0.0,0.652487397194,0.0,0.0281466506422,0.0270222611725,0.83815985918,0.0832429677248,0.0345864668489,0.934858202934,0.044636067003,1.0,0.445532470942
0.405196785927,0.0,0.652487397194,0.0,0.0212182439864,0.0276651568711,0.905930399895,0.086124420166,0.0345864668489,0.934858202934,0.044636067003,0.996041119099,0.340881258249
0.358066082001,0.0,0.652487397194,0.0,0.0281466506422,0.0298219583929,0.747124791145,0.0772570669651,0.0345864668489,0.934858202934,0.044636067003,0.991098880768,0.386474907398
0.46624904871,0.0,0.652487397194,0.0,0.0330542735755,0.0354524590075,0.672273755074,0.0613587908447,0.0345864668489,0.934858202934,0.044636067003,0.943970918655,0.303855568171
0.808283448219,0.0,0.652487397194,0.0,0.0287240184844,0.0193490199745,0.953471004963,0.0568507798016,0.0345864668489,0.934858202934,0.044636067003,0.888244450092,0.502141952515
0.641458272934,0.0,0.652487397194,0.0,0.0287240184844,0.0269704200327,0.973701000214,0.0470652095973,0.0345864668489,0.934858202934,0.044636067003,0.762620389462,0.68451654911
0.488776415586,0.0,0.652487397194,0.0,0.0330542735755,0.0303093157709,0.935263931751,0.0514070577919,0.0345864668489,0.934858202934,0.044636067003,0.998260080814,0.518665850163
0.0,0.180999994278,0.0,0.614000022411,0.710017263889,0.972003042698,0.00974783208221,1.0,1.00000011921,0.0,0.879736363888,0.0620051473379,0.314259469509
0.0,0.180999994278,0.0,0.614000022411,0.837182402611,0.965781390667,0.0104538621381,1.0,1.00000011921,0.0,0.956378519535,0.0446568205953,0.393818855286
0.0,0.180999994278,0.0,0.614000022411,0.843533456326,0.875568985939,0.00823563989252,1.0,1.00000011921,0.0,0.965559303761,0.0322507433593,0.60189718008
0.584356188774,0.0,0.652487397194,0.0,0.0212182439864,0.0277999527752,0.642940223217,0.100330561399,0.0345864668489,0.934858202934,0.044636067003,1.0,0.275703787804
0.572734355927,0.0,0.652487397194,0.0,0.0212182439864,0.033067535609,0.746113300323,0.0962860286236,0.0345864668489,0.934858202934,0.044636067003,0.990342438221,0.183904528618
0.5750400424,0.0,0.652487397194,0.0,0.0212182439864,0.0362923704088,0.767354846001,0.0997359007597,0.0345864668489,0.934858202934,0.044636067003,0.995915055275,0.161566704512
0.282784193754,0.0,0.652487397194,0.0,0.0212182439864,0.022822715342,0.396134018898,0.129805341363,0.0345864668489,0.934858202934,0.044636067003,0.989964187145,0.265911877155
0.238655537367,0.0,0.652487397194,0.0,0.0285796783864,0.023952960968,0.412318080664,0.113439202309,0.0345864668489,0.934858202934,0.044636067003,0.934010803699,0.35526317358
0.368600308895,0.0,0.652487397194,0.0,0.0285796783864,0.0285258032382,0.513468146324,0.125144287944,0.0345864668489,0.934858202934,0.044636067003,0.979121446609,0.270807832479
0.571085810661,0.0,0.652487397194,0.0,0.0285796783864,0.0264726914465,0.795676887035,0.105651855469,0.0345864668489,0.934858202934,0.044636067003,0.989358961582,0.405446738005
0.485190421343,0.0,0.652487397194,0.0,0.0285796783864,0.0243055224419,0.526617646217,0.0884418189526,0.0345864668489,0.934858202934,0.044636067003,0.978112876415,0.29742962122
0.0151366461068,0.0,1.0,0.0,0.0323325656354,0.0196289867163,0.926160395145,0.0302268452942,0.00451127812266,1.00000011921,0.0443824529648,0.99543595314,0.499693989754
0.0183985605836,0.0,1.0,0.0,0.0323325656354,0.0192142166197,0.982804536819,0.0273628793657,0.00451127812266,1.00000011921,0.0443824529648,0.866735517979,0.680538535118
0.0208156481385,0.0,1.0,0.0,0.0323325656354,0.0158856883645,0.979770004749,0.0303011722863,0.00451127812266,1.00000011921,0.0443824529648,0.802133202553,0.85526317358
0.0106094991788,0.0,1.0,0.0,0.0323325656354,0.0251143164933,0.987862050533,0.032290648669,0.00451127812266,1.00000011921,0.0443824529648,0.982878565788,0.5
0.0111693721265,0.0,1.0,0.0,0.0323325656354,0.0251143164933,0.833102405071,0.0428632684052,0.00451127812266,1.00000011921,0.0443824529648,1.0,0.355569154024
0.0173891820014,0.0,0.349315047264,0.0,0.0288683585823,0.022252406925,0.534709632397,0.0547476224601,0.00751879671589,0.536769032478,0.0420999266207,1.0,0.314565479755
0.0280508585274,0.0,0.349315047264,0.0,0.0288683585823,0.0245232731104,0.419398546219,0.0547476224601,0.00751879671589,0.536769032478,0.0420999266207,1.0,0.362913101912
0.0179590899497,0.0,0.349315047264,0.0,0.0288683585823,0.0218687467277,0.279811441898,0.0729764252901,0.00751879671589,0.536769032478,0.0420999266207,0.99089717865,0.485618114471
0.0290572252125,0.0,0.349315047264,0.0,0.0288683585823,0.0189653523266,0.725883305073,0.0729764252901,0.00751879671589,0.536769032478,0.0420999266207,1.0,0.5939412117
0.0269280988723,0.0,0.349315047264,0.0,0.0288683585823,0.0231545343995,0.702618777752,0.0770909041166,0.00751879671589,0.536769032478,0.0420999266207,1.0,0.378518968821
0.0239922776818,0.0,0.349315047264,0.0,0.0288683585823,0.0254876129329,0.649009287357,0.0559456832707,0.00751879671589,0.536769032478,0.0420999266207,1.0,0.342411249876
0.0178427007049,0.0,0.349315047264,0.0,0.0288683585823,0.0208214484155,0.731952309608,0.0555434115231,0.00751879671589,0.536769032478,0.0420999266207,0.997150599957,0.409118741751
0.0225133281201,0.0,0.349315047264,0.0,0.0288683585823,0.0255705676973,0.794665336609,0.0598415397108,0.00751879671589,0.536769032478,0.0420999266207,1.0,0.385556906462
0.0062840259634,0.0,0.430064916611,0.0,0.0271362625062,0.0314395613968,0.68744623661,0.0589845441282,0.0,0.365952521563,0.0466649793088,0.987619102001,0.242962062359
0.00454219803214,0.0,0.430064916611,0.0,0.0271362625062,0.0265349037945,0.764320313931,0.0506287552416,0.0,0.365952521563,0.0466649793088,1.0,0.224908202887
0.00609639799222,0.0,0.430064916611,0.0,0.0271362625062,0.0354109816253,0.908964931965,0.0453818030655,0.0,0.365952521563,0.0466649793088,1.0,0.119645036757
0.0109957912937,0.0,0.430064916611,0.0,0.0271362625062,0.0335237793624,0.891769468784,0.0550624392927,0.0,0.365952521563,0.0466649793088,0.99130064249,0.145348846912
0.00475691631436,0.0,0.430064916611,0.0,0.0271362625062,0.0256016738713,0.805791914463,0.0601388774812,0.0,0.365952521563,0.0466649793088,1.0,0.188188493252
